Time (s),Position (x),Velocity (v),Acceleration (a),Dominant Frequency (Hz),Energy,Entropy,System State
0.0,1.0,11.355727203443413,163.7200321959784,0.03992,3.0,5.351802137011197,Low
0.10020040080160321,2.1378484171786987,27.76054004873183,307.51034619970517,0.03992,25.9017091920515,5.351802137011197,Moderate
0.20040080160320642,6.563234478703774,72.98104708314385,80.05232208283289,0.03992,250.20397684781514,5.351802137011197,High
0.30060120240480964,16.763308754482075,43.8030895643296,-753.4271263477832,0.03992,1720.506308504106,5.351802137011197,High
0.40080160320641284,15.341408740092472,-78.00635298655219,-722.1502429390777,0.03992,2430.95722474375,5.351802137011197,High
0.5010020040080161,1.1307730858343423,-100.91639799861183,185.0398002955895,0.03992,1134.308207480095,5.351802137011197,High
0.6012024048096193,-4.882318313737554,-40.92422867881882,410.36433309847325,0.03992,803.0111129752364,5.351802137011197,High
0.7014028056112225,-7.0704751463938775,-18.679056696312568,139.68596431721755,0.03992,748.8243213785944,5.351802137011197,High
0.8016032064128257,-8.625616248870333,-12.93104945693153,74.87423442092857,0.03992,834.707714142219,5.351802137011197,High
0.9018036072144289,-9.661867823133663,-3.674200098932092,103.48004540352473,0.03992,979.6698068525166,5.351802137011197,High
1.0020040080160322,-9.361928893946905,7.806434591871019,72.08544781813326,0.03992,1016.9725121037509,5.351802137011197,High
1.1022044088176353,-8.097452073259712,10.771781427747921,-21.492699755339384,0.03992,905.1750732891785,5.351802137011197,High
1.2024048096192386,-7.20325526113169,3.499280332283968,-86.40480280271687,0.03992,774.0472015649902,5.351802137011197,High
1.3026052104208417,-7.39619348963567,-6.5438103162835155,-73.87639561656833,0.03992,726.4498482787975,5.351802137011197,High
1.402805611222445,-8.514640094054238,-11.30560856883193,5.539469579856224,0.03992,802.8104808252308,5.351802137011197,High
1.503006012024048,-9.661846509441668,-5.433696172023751,89.52373348554605,0.03992,960.4258187593148,5.351802137011197,High
1.6032064128256514,-9.603557162596072,6.635019384183312,86.44540625966387,0.03992,1033.4573091276266,5.351802137011197,High
1.7034068136272547,-8.33218330619852,11.890032537327727,-4.783753177303744,0.03992,936.5873593002016,5.351802137011197,High
1.8036072144288577,-7.220785111027389,5.676351412779756,-84.21076093846763,0.03992,790.0097175243357,5.351802137011197,High
1.903807615230461,-7.194637932895963,-4.9858714583571695,-87.08328903971419,0.03992,717.7982671601009,5.351802137011197,High
2.0040080160320644,-8.219957747972714,-11.775209517022688,-15.059007062020562,0.03992,770.5743606316919,5.351802137011197,High
2.1042084168336674,-9.554399359153015,-8.003708544934437,82.00852371998916,0.03992,932.4146127827347,5.351802137011197,High
2.2044088176352705,-9.823907356176008,4.659364374758705,103.11693645826095,0.03992,1044.1368431131207,5.351802137011197,High
2.3046092184368736,-8.620659003489948,12.66100818016796,16.91092042251649,0.03992,969.8225035864134,5.351802137011197,High
2.404809619238477,-7.286631167765595,8.048326383279043,-78.53143876268625,0.03992,811.6820251638391,5.351802137011197,High
2.50501002004008,-7.007767944716592,-3.0767550989274812,-98.99447898407227,0.03992,713.5013653750667,5.351802137011197,High
2.6052104208416833,-7.903215355927415,-11.790246559420813,-36.87490071521114,0.03992,739.7729482574298,5.351802137011197,High
2.705410821643287,-9.37054280632397,-10.466514761294444,69.0232593534213,0.03992,896.7790853164441,5.351802137011197,High
2.80561122244489,-10.000713304082614,2.042069944270828,116.42604250974054,0.03992,1046.736865914916,5.351802137011197,High
2.905811623246493,-8.96131035256228,12.865357485146546,42.28016277067979,0.03992,1005.9377637691032,5.351802137011197,High
3.006012024048096,-7.422485351147435,10.515048455429103,-67.99565270724425,0.03992,840.0789614647491,5.351802137011197,High
3.1062124248496996,-6.854086213197731,-0.7610258229184348,-108.50777006910371,0.03992,715.2779775939802,5.351802137011197,High
3.2064128256513027,-7.574995536101029,-11.22999564659569,-59.510869536761426,0.03992,712.0572425871709,5.351802137011197,High
3.306613226452906,-9.104586342776026,-12.687051782189261,50.230775335696634,0.03992,854.2239271262667,5.351802137011197,High
3.4068136272545093,-10.117490883233145,-1.1637080041715138,124.97759503896391,0.03992,1038.9735781287275,5.351802137011197,High
3.5070140280561124,-9.337794359644064,12.35855844606002,70.32595157661078,0.03992,1042.7240107975626,5.351802137011197,High
3.6072144288577155,-7.6408258639826405,12.929669065289563,-51.60935832351745,0.03992,875.2931026104918,5.351802137011197,High
3.7074148296593186,-6.746678314495855,2.0160016678000097,-114.51756253304164,0.03992,724.208947596194,5.351802137011197,High
3.807615230460922,-7.236817513722118,-10.0197422639773,-82.06857492561099,0.03992,688.5849549596414,5.351802137011197,High
3.907815631262525,-8.754642696054432,-14.430606533725237,25.773372853226526,0.03992,807.0266191020845,5.351802137011197,High
4.008016032064129,-10.128722630701123,-4.854737684172385,125.44669704969894,0.03992,1016.047578041766,5.351802137011197,High
4.108216432865731,-9.727536019535872,10.709012113509022,98.70476049437323,0.03992,1075.7795454639506,5.351802137011197,High
4.208416833667335,-7.9826280187754675,14.925775440952513,-26.251640088717334,0.03992,923.2802832019129,5.351802137011197,High
4.308617234468938,-6.736398656619537,5.4481623963312,-113.59977646379855,0.03992,745.8243724187464,5.351802137011197,High
4.408817635270541,-6.890811907286249,-7.839710824337777,-103.99518630419985,0.03992,672.475447285893,5.351802137011197,High
4.509018036072145,-8.307482990154162,-15.392556301905245,-5.882282638389473,0.03992,755.1294773779741,5.351802137011197,High
4.609218436873747,-9.975492528910546,-9.018524980327651,115.8119017149828,0.03992,971.5550808341518,5.351802137011197,High
4.709418837675351,-10.114802625490364,7.816241636969063,127.36542684237504,0.03992,1098.343371364158,5.351802137011197,High
4.809619238476954,-8.409111439337588,16.50560865541885,5.993775317529661,0.03992,975.3548094892192,5.351802137011197,High
4.909819639278557,-6.807065419995605,9.01739901523152,-107.54121364833587,0.03992,775.4982472695156,5.351802137011197,High
5.01002004008016,-6.602017448309227,-5.045736765089341,-121.8995061663652,0.03992,665.3616893426517,5.351802137011197,High
5.110220440881764,-7.818235112398279,-15.411359735543071,-39.57570441051776,0.03992,707.3015859298663,5.351802137011197,High
5.210420841683367,-9.690466293107438,-12.976739652968652,95.71749524492316,0.03992,914.7024257938054,5.351802137011197,High
5.31062124248497,-10.418784141049311,3.7705030389906273,149.8821042460167,0.03992,1105.8857450040323,5.351802137011197,High
5.410821643286574,-8.93485446164639,17.05975418390844,45.00074716284787,0.03992,1032.799530999705,5.351802137011197,High
5.511022044088176,-6.999995727440406,12.788688843168558,-92.51817960529978,0.03992,817.3491449817076,5.351802137011197,High
5.61122244488978,-6.3719909660214284,-1.4809631718630611,-135.22317324517982,0.03992,669.2238942474567,5.351802137011197,High
5.711422845691383,-7.2967819342265905,-14.310143470494738,-74.42366013552866,0.03992,665.5385491301975,5.351802137011197,High
5.811623246492986,-9.239755188565464,-16.395524321267605,63.88020898649955,0.03992,844.4819098441188,5.351802137011197,High
5.9118236472945895,-10.582458150913485,-1.5084983830198793,162.00515010476113,0.03992,1089.8468194882994,5.351802137011197,High
6.012024048096192,-9.542059473739789,16.070437623574303,89.78692622208922,0.03992,1091.8576952440499,5.351802137011197,High
6.112224448897796,-7.361929569034867,16.484873605374755,-65.44700846863722,0.03992,874.9544246540395,5.351802137011197,High
6.212424849699399,-6.238477588895148,2.9548046639275665,-141.731789914857,0.03992,687.6941051372661,5.351802137011197,High
6.312625250501002,-6.76978434580289,-11.91829070621983,-108.0272948342584,0.03992,634.1400352246046,5.351802137011197,High
6.412825651302605,-8.626912600161647,-18.69395181588374,20.729153257803862,0.03992,766.157935333185,5.351802137011197,High
6.513026052104209,-10.516067274837708,-7.764151776800218,157.5206363903268,0.03992,1041.466963931647,5.351802137011197,High
6.613226452905812,-10.18285484000137,12.87330998578496,136.38590288322013,0.03992,1142.2623572885743,5.351802137011197,High
6.713426853707415,-7.93624563439984,19.567692488374156,-23.43339777092576,0.03992,949.9914825474609,5.351802137011197,High
6.813627254509019,-6.2614735798061485,8.177238288204647,-138.22619392399565,0.03992,724.3236386342165,5.351802137011197,High
6.913827655310621,-6.297520526543197,-8.132947576554836,-136.5659965344318,0.03992,618.504035957243,5.351802137011197,High
7.014028056112225,-7.891322793544592,-19.190696889036197,-30.184902798218662,0.03992,689.7664557111395,5.351802137011197,High
7.114228456913827,-10.14335156643021,-14.182026293632724,132.90430500291393,0.03992,957.3690746780721,5.351802137011197,High
7.214428857715431,-10.73341223114634,7.443432370064795,177.89148611693426,0.03992,1167.5105444176215,5.351802137011197,High
7.3146292585170345,-8.65168175278997,21.467570122586565,30.73654547150767,0.03992,1030.8518769864522,5.351802137011197,High
7.414829659318637,-6.431293970106949,13.603060721068337,-125.00312579077388,0.03992,773.8221382560507,5.351802137011197,High
7.515030060120241,-5.925617480030785,-3.5831564887909644,-157.8369103408835,0.03992,617.7673390116838,5.351802137011197,High
7.615230460921844,-7.1493614027303884,-18.027582633818138,-79.33539034229904,0.03992,627.6195362593386,5.351802137011197,High
7.715430861723447,-9.538359490815983,-19.48203230889097,90.58572350757484,0.03992,856.682822274927,5.351802137011197,High
7.81563126252505,-11.053576294291705,0.1258689709062778,202.10739749226735,0.03992,1156.4971218931496,5.351802137011197,High
7.915831663326654,-9.513135248149394,21.020452158497278,94.95908400728445,0.03992,1121.0633432286522,5.351802137011197,High
8.016032064128257,-6.841060831667,19.1557455254723,-94.01605272175078,0.03992,846.1219721014129,5.351802137011197,High
8.11623246492986,-5.674308489537711,2.1795598294891043,-169.56557939944696,0.03992,637.1353237163438,5.351802137011197,High
8.216432865731463,-6.4042752946952355,-14.825332510489014,-125.21791885774071,0.03992,581.4204674091343,5.351802137011197,High
8.316633266533067,-8.645317008673786,-22.914211484687392,27.739247327550753,0.03992,740.3839597836369,5.351802137011197,High
8.41683366733467,-10.996301644331988,-9.266365110178242,199.38823920912728,0.03992,1088.6005649878223,5.351802137011197,High
8.517034068136272,-10.50230400470149,17.04335148307359,167.56826253480932,0.03992,1204.680696128272,5.351802137011197,High
8.617234468937877,-7.580800345118844,24.31444902505409,-38.846032833358215,0.03992,945.9298559065027,5.351802137011197,High
8.71743486973948,-5.629668929540349,9.258575364164127,-170.29768968960602,0.03992,681.1341348144142,5.351802137011197,High
8.817635270541082,-5.725374420436654,-9.81334449991706,-162.78642169657945,0.03992,558.8938071105076,5.351802137011197,High
8.917835671342687,-7.596271033732145,-23.363954033947987,-44.12164894234041,0.03992,632.9177679979339,5.351802137011197,High
9.01803607214429,-10.407529537460299,-18.65535831601734,157.4925737921648,0.03992,958.2070933107765,5.351802137011197,High
9.118236472945892,-11.334819794457063,8.197684000553972,226.63508364138414,0.03992,1247.04847714269,5.351802137011197,High
9.218436873747494,-8.764707092459503,26.762494117125776,47.83375494540379,0.03992,1082.9708541405187,5.351802137011197,High
9.318637274549099,-5.971594520483961,17.78360683530423,-144.46944461921652,0.03992,766.0371240853964,5.351802137011197,High
9.418837675350701,-5.200858027268274,-2.1892983917352487,-187.90958933502557,0.03992,570.4875524685053,5.351802137011197,High
9.519038076152304,-6.410331673136316,-19.873625496364223,-118.73895143443931,0.03992,547.3973548648382,5.351802137011197,High
9.619238476953909,-9.183548507501586,-25.984679440721084,72.18913310928798,0.03992,776.6490774003514,5.351802137011197,High
9.719438877755511,-11.617682262459178,-5.406865354222342,249.6302989240336,0.03992,1189.8229167486957,5.351802137011197,High
9.819639278557114,-10.267088658648348,24.04143256810329,158.71755877914867,0.03992,1227.644831452459,5.351802137011197,High
9.919839679358718,-6.799759904121846,26.400260653623082,-84.18311995697138,0.03992,890.7259168428182,5.351802137011197,High
10.02004008016032,-4.976455261128692,7.1710678472673415,-197.51237629864787,0.03992,618.396640944181,5.351802137011197,High
10.120240480961924,-5.362672159178491,-13.181377883180105,-173.85715777173485,0.03992,504.88666843346755,5.351802137011197,High
10.220440881763528,-7.618013955152761,-27.670045934643454,-36.14289476711779,0.03992,606.1518896624225,5.351802137011197,High
10.32064128256513,-10.907771544878582,-20.424442966770844,202.05432220735858,0.03992,1005.4865452775506,5.351802137011197,High
10.420841683366733,-11.71108869799261,12.821802203103756,263.06058296125485,0.03992,1325.2470220036264,5.351802137011197,High
10.521042084168338,-8.338272105378831,32.29310872887142,30.07193925226422,0.03992,1071.9509375499345,5.351802137011197,High
10.62124248496994,-5.239523822467276,18.848242935020433,-178.87216142513896,0.03992,716.3981859910566,5.351802137011197,High
10.721442885771543,-4.561069112388764,-3.553015805224569,-207.6837242739418,0.03992,512.0822177895941,5.351802137011197,High
10.821643286573147,-5.951551037943141,-22.771741889416806,-137.5273012822987,0.03992,485.08093032282534,5.351802137011197,High
10.92184368737475,-9.124544440929206,-31.113597224522906,76.37416275430158,0.03992,737.0765865245493,5.351802137011197,High
11.022044088176353,-12.18674086249683,-7.466298451681015,299.4941179620177,0.03992,1248.3431408707288,5.351802137011197,High
11.122244488977957,-10.62079663565486,28.905264090510702,196.6590004608498,0.03992,1303.2365246700328,5.351802137011197,High
11.22244488977956,-6.394102768206108,31.944322883158623,-95.87648707515692,0.03992,894.992719679721,5.351802137011197,High
11.322645290581162,-4.219128723198223,9.691539225749795,-220.21517144790133,0.03992,583.8214905107938,5.351802137011197,High
11.422845691382767,-4.45191053859693,-12.186974000188341,-200.67300494075883,0.03992,438.6487397949129,5.351802137011197,High
11.52304609218437,-6.661408081953401,-30.52349182450248,-90.1992475000503,0.03992,494.83473981455927,5.351802137011197,High
11.623246492985972,-10.568842767956145,-30.262975503204434,188.76554190106057,0.03992,903.5345138509495,5.351802137011197,High
11.723446893787575,-12.726132631693769,7.305274087533711,346.0976793784405,0.03992,1420.0390367394807,5.351802137011197,High
11.823647294589179,-9.104859984883257,39.095276877244565,103.5411534780243,0.03992,1200.9401077805985,5.351802137011197,High
11.923847695390782,-4.891407806594657,28.055004243450405,-179.90994373443766,0.03992,755.0821081629333,5.351802137011197,High
12.024048096192384,-3.4826146455144387,3.0411799364754923,-229.31642413380717,0.03992,486.37347834685073,5.351802137011197,High
12.124248496993989,-4.28195290950538,-17.900190973745424,-196.70126561158295,0.03992,378.6933570549355,5.351802137011197,High
12.224448897795591,-7.069827265503502,-36.37791136845095,-57.246183698634496,0.03992,492.9921769412931,5.351802137011197,High
12.324649298597194,-11.572115508393347,-29.372372075676186,270.1009317541554,0.03992,1029.5083670483841,5.351802137011197,High
12.424849699398798,-12.956074174456646,17.750531868854736,373.8054281271752,0.03992,1527.29785941209,5.351802137011197,High
12.525050100200401,-8.014894692991597,45.5385353646395,43.80763638424039,0.03992,1134.6142759710015,5.351802137011197,High
12.625250501002004,-3.830115183546926,26.5296173165983,-220.35976685900343,0.03992,677.7103974833882,5.351802137011197,High
12.725450901803608,-2.6983381165189906,1.3782614449995325,-222.98473505541835,0.03992,422.48048764533155,5.351802137011197,High
12.82565130260521,-3.553910485150226,-18.15670233378614,-201.41853229246618,0.03992,312.8802909337247,5.351802137011197,High
12.925851703406813,-6.336955818680542,-38.98617388415201,-98.35745542488407,0.03992,401.9039878245178,5.351802137011197,High
13.026052104208418,-11.36677098297628,-37.86761524458455,266.97297519598567,0.03992,950.9105865997367,5.351802137011197,High
13.12625250501002,-13.925656268497084,14.515424351516463,453.91691485305535,0.03992,1643.443834237422,5.351802137011197,High
13.226452905811623,-8.457868307321679,53.097698353222135,98.31591841916058,0.03992,1231.977861412829,5.351802137011197,High
13.326653306613228,-3.284834955226116,34.21801321307169,-226.68072730735182,0.03992,700.7319089199195,5.351802137011197,High
13.42685370741483,-1.6005510301530026,7.67069889283099,-209.75649361248318,0.03992,411.91207135385815,5.351802137011197,High
13.527054108216433,-1.7476207482459576,-7.817356248347783,-161.30858002759732,0.03992,256.0944392320734,5.351802137011197,High
13.627254509018037,-3.167155488739733,-24.655669850174483,-206.59678812870123,0.03992,204.32772673241783,5.351802137011197,High
13.72745490981964,-6.688636750284933,-49.21951819798731,-70.45497308859373,0.03992,365.02513793610945,5.351802137011197,High
13.827655310621243,-13.030786390139996,-38.774902934061004,409.9090485752794,0.03992,1161.235174406679,5.351802137011197,High
13.927855711422847,-14.459158380357279,32.926583720906365,525.3936213202235,0.03992,1869.891813440283,5.351802137011197,High
14.02805611222445,-6.432272618415274,66.51439993572326,12.317394535297806,0.03992,1146.0019638435822,5.351802137011197,High
14.128256513026052,-1.1296193150820768,35.394999459443,-262.2347084050788,0.03992,623.6089196913125,5.351802137011197,High
14.228456913827655,0.6609136460021605,13.962354163162388,-107.56232848980967,0.03992,365.7999594880551,5.351802137011197,High
14.32865731462926,1.668447651483532,13.839422607777735,73.73113217814561,0.03992,230.10474223617297,5.351802137011197,High
14.428857715430862,3.434345030326356,28.738132154774735,194.13053044172693,0.03992,199.4499705483687,5.351802137011197,High
14.529058116232465,7.42759237187927,52.74333652395548,11.669514349712175,0.03992,420.04788996590344,5.351802137011197,High
14.629258517034069,14.004151948954709,31.076712184777175,-482.39205051444554,0.03992,1345.687138942863,5.351802137011197,High
14.729458917835672,13.655390404900748,-43.92841708615385,-481.8812659317963,0.03992,1835.341549026435,5.351802137011197,High
14.829659318637274,5.200861951729488,-65.49267978552268,62.91856984611975,0.03992,1044.2504946824242,5.351802137011197,High
14.929859719438879,0.5306048767398892,-31.31948525326412,256.5462890406442,0.03992,575.8562861060183,5.351802137011197,High
15.030060120240481,-1.0755879988244441,-14.080597813449701,66.47202924429466,0.03992,343.57718613409764,5.351802137011197,High
15.130260521042084,-2.2911582121277867,-17.99843730851569,-114.6587323246219,0.03992,230.56524958864725,5.351802137011197,High
15.230460921843688,-4.682489263056046,-37.058299682111404,-170.7918263133234,0.03992,255.159726713379,5.351802137011197,High
15.330661322645291,-9.717671174474761,-52.22525620898131,162.97255542713253,0.03992,670.9901239441743,5.351802137011197,High
15.430861723446894,-15.148472471268734,-4.398468935191058,557.2995677131469,0.03992,1694.178463426477,5.351802137011197,High
15.531062124248498,-10.599127874913851,59.45802389385375,280.6120316859982,0.03992,1528.1256494982727,5.351802137011197,High
15.6312625250501,-3.233036821197842,51.83640715418735,-195.99526106373955,0.03992,824.4671253568791,5.351802137011197,High
15.731462925851703,-0.21107032898452185,20.180416466250634,-209.5089053257303,0.03992,468.3438385647462,5.351802137011197,High
15.831663326653308,0.8111348153253312,9.850654583900713,-25.721495207921134,0.03992,278.1524620795506,5.351802137011197,High
15.93186372745491,1.7630087459454808,15.025808208150206,120.23284076703848,0.03992,180.21057250109234,5.351802137011197,High
16.032064128256515,3.8223188249746713,33.9454122526459,211.63644615009284,0.03992,185.57594729297162,5.351802137011197,High
16.132264529058116,8.565696572127024,57.437921665082634,-78.81199623763118,0.03992,512.9124752158856,5.351802137011197,High
16.23246492985972,15.332924369079407,18.151425030675725,-582.2749012048346,0.03992,1629.1367526352935,5.351802137011197,High
16.332665330661325,12.203256698514945,-59.250435289794034,-406.8299373665222,0.03992,1748.8129168278733,5.351802137011197,High
16.432865731462925,3.4590896416657744,-63.37762053375758,157.45860207997694,0.03992,923.204992155377,5.351802137011197,High
16.53306613226453,-0.49766926015390833,-27.69560521364635,229.68754390539024,0.03992,524.1114307238686,5.351802137011197,High
16.633266533066134,-2.091131844034897,-17.348052616845703,-2.969533860339095,0.03992,332.63573094145687,5.351802137011197,High
16.733466933867735,-3.97423291082439,-28.290702179646168,-146.79592856989217,0.03992,281.6966383685722,5.351802137011197,High
16.83366733466934,-7.760611238753568,-46.76607437433913,12.697620011182655,0.03992,495.81863852530546,5.351802137011197,High
16.933867735470944,-13.34619170327712,-25.74608895095225,418.8688803591276,0.03992,1287.11173239038,5.351802137011197,High
17.034068136272545,-12.920148102671854,37.17558501626762,404.20420243124096,0.03992,1664.9043163594927,5.351802137011197,High
17.13426853707415,-5.89617466594894,55.25675722765317,-58.051879409304945,0.03992,1017.6353939038704,5.351802137011197,High
17.234468937875754,-1.8466496602563887,25.541941848070234,-251.34032754541894,0.03992,571.8936467929261,5.351802137011197,High
17.334669338677354,-0.7775490450931815,4.8879541123387495,-150.13271192121132,0.03992,334.1106170225928,5.351802137011197,High
17.43486973947896,-0.867099737944014,-4.544773967803782,-99.32954733184863,0.03992,199.4037323197143,5.351802137011197,High
17.535070140280563,-1.6883253913464444,-15.017766795847347,-162.42784245791512,0.03992,132.3089755566775,5.351802137011197,High
17.635270541082164,-3.876672242121839,-37.0954437990493,-232.1237552061441,0.03992,159.74134794760465,5.351802137011197,High
17.73547094188377,-9.122282064502617,-61.535553410305084,127.96614202253106,0.03992,552.520063030684,5.351802137011197,High
17.835671342685373,-16.2084464726439,-11.450926359664313,653.3332970434021,0.03992,1817.4502998651153,5.351802137011197,High
17.935871743486974,-11.417056886078631,69.39296303125847,378.81877486443693,0.03992,1724.1231228621232,5.351802137011197,High
18.03607214428858,-2.302041055558033,64.46465978551343,-205.52782070905786,0.03992,879.9479291470788,5.351802137011197,High
18.13627254509018,1.501712610016245,28.205023009403195,-210.49850776781847,0.03992,519.5625140591693,5.351802137011197,High
18.236472945891784,3.350268164763249,22.280590092563845,36.242450572512965,0.03992,368.3092062093395,5.351802137011197,High
18.336673346693388,5.966760724758498,35.46803915619938,78.73823617865364,0.03992,410.6850332307505,5.351802137011197,High
18.43687374749499,10.458091642959518,38.05979573958862,-201.63564392236208,0.03992,844.5199656976033,5.351802137011197,High
18.537074148296593,13.593974299826359,-4.939905517620672,-421.7569463657427,0.03992,1526.6116305552687,5.351802137011197,High
18.637274549098198,9.468130617384233,-46.46063439382675,-151.57591025532932,0.03992,1292.3388412708457,5.351802137011197,High
18.7374749498998,4.283225924309975,-35.31583943652434,191.5762689559709,0.03992,764.8133080237241,5.351802137011197,High
18.837675350701403,2.390808085014625,-8.068596526898714,231.52727796635384,0.03992,459.39421723607506,5.351802137011197,High
18.937875751503007,2.6662727125066255,11.082412660941356,196.39384806673516,0.03992,304.0204429068198,5.351802137011197,High
19.03807615230461,4.6117324659647965,31.28888805561334,182.40986945969945,0.03992,293.1223546700594,5.351802137011197,High
19.138276553106213,8.93659096012453,47.63749672100137,-90.82509447081735,0.03992,611.2400720901727,5.351802137011197,High
19.238476953907817,14.158324995223587,13.087466317974597,-473.6426007899857,0.03992,1484.1436838167128,5.351802137011197,High
19.338677354709418,11.559329701201603,-47.28086015073925,-317.04592616165434,0.03992,1560.6441682858929,5.351802137011197,High
19.438877755511022,4.683202720526341,-50.44879142985192,137.30904776912104,0.03992,898.4705503664026,5.351802137011197,High
19.539078156312627,1.4493514587463088,-19.764016910434435,239.38681868849963,0.03992,510.17171512441746,5.351802137011197,High
19.639278557114228,0.7224778887759538,-2.475481071435165,129.2680320690949,0.03992,299.22757756910073,5.351802137011197,High
19.739478957915832,0.9532630676771374,6.141400337881171,102.18643025095544,0.03992,179.96944232057683,5.351802137011197,High
19.839679358717436,1.9532194394535431,18.002761463826445,183.88106006711303,0.03992,126.22999479112498,5.351802137011197,High
19.939879759519037,4.561030896099271,42.99131217497797,209.56127123609502,0.03992,188.016039644523,5.351802137011197,High
20.04008016032064,10.568712861292816,59.99900820452685,-244.1248434165388,0.03992,727.7306788120029,5.351802137011197,High
20.140280561122246,16.584880235683812,-5.931502136953652,-682.120849247219,0.03992,2004.5407298119105,5.351802137011197,High
20.240480961923847,9.380035078336173,-76.69855677487575,-251.7933130940814,0.03992,1525.7586166237738,5.351802137011197,High
20.34068136272545,1.2144279761896728,-56.3910839193347,258.50902888334423,0.03992,786.7002494265828,5.351802137011197,High
20.440881763527056,-1.9207833423721845,-24.893140164987127,161.57004105525257,0.03992,479.57396104507427,5.351802137011197,High
20.541082164328657,-3.7741772672947214,-24.012318176799113,-66.54341211012526,0.03992,360.76450945134025,5.351802137011197,High
20.64128256513026,-6.732871153353972,-38.22849329326874,-43.7699745723049,0.03992,459.58256625651154,5.351802137011197,High
20.741482965931866,-11.435197967348577,-32.78385616724098,269.5212954631518,0.03992,993.2865557018218,5.351802137011197,High
20.841683366733466,-13.302782208913285,15.783790366681517,402.23357788803605,0.03992,1563.6676081148896,5.351802137011197,High
20.94188376753507,-8.272113725528634,47.8240752732472,68.26655589856644,0.03992,1174.7618525718444,5.351802137011197,High
21.042084168336675,-3.718799188222463,29.46446289144433,-220.31523684913364,0.03992,690.9092242952329,5.351802137011197,High
21.142284569138276,-2.3674117432752606,3.6727252032805437,-221.7489436887129,0.03992,421.0237028418716,5.351802137011197,High
21.24248496993988,-2.982782113416743,-14.97420317843801,-198.71741902726023,0.03992,292.07037554794874,5.351802137011197,High
21.342685370741485,-5.368254063603519,-36.15040486230267,-151.5593519197873,0.03992,327.722522396946,5.351802137011197,High
21.442885771543086,-10.22735222610265,-45.34681879362585,188.0249078464117,0.03992,769.4738997260818,5.351802137011197,High
21.54308617234469,-14.455792900001486,1.5299373914872532,494.5313595953788,0.03992,1628.079294032415,5.351802137011197,High
21.643286573146295,-9.920751546445885,53.75766208721157,208.62167852306627,0.03992,1405.489572036373,5.351802137011197,High
21.743486973947896,-3.6827143254099877,43.337888999316164,-197.51803001329267,0.03992,789.2580967181391,5.351802137011197,High
21.8436873747495,-1.2358038511921445,14.174890541461538,-218.60679860247194,0.03992,453.58795886689245,5.351802137011197,High
21.943887775551104,-0.8420548982633868,-0.4710886765299168,-120.55817037045509,0.03992,267.97494964267037,5.351802137011197,High
22.044088176352705,-1.3302103995949335,-9.985063440593592,-129.59034083063824,0.03992,166.39749161510935,5.351802137011197,High
22.14428857715431,-2.843069615817213,-26.44109685902255,-223.27676505416724,0.03992,141.63118060661114,5.351802137011197,High
22.244488977955914,-6.629027405411076,-54.729906136819494,-75.08537438517037,0.03992,324.2209216366631,5.351802137011197,High
22.344689378757515,-13.810986677304085,-41.488266074487555,482.57031178476126,0.03992,1255.5237886033747,5.351802137011197,High
22.44488977955912,-14.943309183865496,41.97757117475591,584.2173264226782,0.03992,2016.8821315612438,5.351802137011197,High
22.545090180360724,-5.3986477645273485,75.58935445109925,-17.50906901174165,0.03992,1130.2503935843142,5.351802137011197,High
22.645290581162325,0.20485804080369419,38.46873970947702,-276.2264934609444,0.03992,619.8747987319456,5.351802137011197,High
22.74549098196393,2.3105185099169443,20.233343737483143,-53.562805315018,0.03992,394.64730169672816,5.351802137011197,High
22.845691382765533,4.259636344908532,27.73471058823093,114.00076342976536,0.03992,331.3045358631707,5.351802137011197,High
22.945891783567134,7.868576744031359,43.07918811218562,-21.435814160435896,0.03992,533.9715217548955,5.351802137011197,High
23.04609218436874,12.892740175005851,23.43895624746221,-377.74500705664855,0.03992,1239.9967916508022,5.351802137011197,High
23.14629258517034,12.56576236476527,-32.62121410357561,-364.81448348264416,0.03992,1581.0756033943728,5.351802137011197,High
23.246492985971944,6.355422719379476,-49.670158678919385,49.39148131818704,0.03992,1013.3171761278447,5.351802137011197,High
23.34669338677355,2.6118227497513655,-22.723121655041133,246.4982321343044,0.03992,584.4091535705966,5.351802137011197,High
23.44689378757515,1.8016909247820543,-0.271715365431527,192.0657283884734,0.03992,353.06558063990906,5.351802137011197,High
23.547094188376754,2.5573707727109793,15.767004274512653,188.1812974208214,0.03992,241.0736007455024,5.351802137011197,High
23.647294589178358,4.961411220275572,37.439967484432486,172.49883800351378,0.03992,275.4158836490358,5.351802137011197,High
23.74749498997996,10.060370268589233,50.33590968603846,-184.68058675067846,0.03992,720.4423409311545,5.351802137011197,High
23.847695390781563,15.048767870784282,0.42982985904602605,-547.3508106952306,0.03992,1705.543493029802,5.351802137011197,High
23.947895791583168,10.14650851689505,-59.353631535450646,-245.53017268731543,0.03992,1473.4809705241541,5.351802137011197,High
24.04809619238477,3.1542525330186204,-48.77461356526569,205.36912760947203,0.03992,799.6653494845303,5.351802137011197,High
24.148296593186373,0.37203686052918067,-18.19749373796126,205.06105334043693,0.03992,455.29502130611354,5.351802137011197,High
24.248496993987978,-0.49253979923814534,-7.68021409824426,38.7331158636194,0.03992,267.9504757853908,5.351802137011197,High
24.34869739478958,-1.1670842012432163,-10.43534627030206,-84.10843469824144,0.03992,164.61144259637524,5.351802137011197,High
24.448897795591183,-2.5837915568137086,-24.535611833362786,-210.6517092944214,0.03992,133.03147914682557,5.351802137011197,High
24.549098196392787,-6.084040480474235,-52.65011767198972,-114.24971774100226,0.03992,281.0965341712525,5.351802137011197,High
24.649298597194388,-13.134917342783591,-47.43134685159971,437.33624209347363,0.03992,1125.7588740436604,5.351802137011197,High
24.749498997995993,-15.58932041065454,34.99241581367635,626.1656715435156,0.03992,2063.783397862115,5.351802137011197,High
24.849699398797597,-6.1224091636901345,78.05275566213088,36.317018259118804,0.03992,1207.674913973457,5.351802137011197,High
24.949899799599198,0.05251439137569491,42.270375384642044,-283.5966710564005,0.03992,653.7506954797625,5.351802137011197,High
25.050100200400802,2.348607947460575,21.21975545042737,-74.61598145552814,0.03992,415.50876991837697,5.351802137011197,High
25.150300601202407,4.304970393465348,27.31727288854422,103.05665761291128,0.03992,345.82364816561073,5.351802137011197,High
25.250501002004007,7.823011331938375,41.872392246601976,-19.064907668238618,0.03992,538.3478108238298,5.351802137011197,High
25.350701402805612,12.69623136472827,23.496650109338084,-361.43247206601114,0.03992,1213.404282602483,5.351802137011197,High
25.450901803607216,12.531758848839795,-30.55896488085518,-358.0295503195928,0.03992,1560.290665860541,5.351802137011197,High
25.551102204408817,6.572190306440659,-48.252758772343824,40.760344916356715,0.03992,1021.7564296585608,5.351802137011197,High
25.65130260521042,2.861867311295942,-22.390559085994113,243.75915943358686,0.03992,594.6935021298517,5.351802137011197,High
25.751503006012026,2.0851043172634816,0.5967721762707765,201.40135112299447,0.03992,364.0164979403737,5.351802137011197,High
25.851703406813627,2.9814609337950957,17.97043312302282,196.99749002892605,0.03992,259.9221059657848,5.351802137011197,High
25.95190380761523,5.686393520274066,40.07522709188722,135.36422124848104,0.03992,328.4877064071777,5.351802137011197,High
26.052104208416836,11.012568567439828,45.09753156961221,-251.4854322637082,0.03992,864.125547425333,5.351802137011197,High
26.152304609218437,14.723974997150261,-10.322655125288769,-520.6811764218837,0.03992,1734.2625110247313,5.351802137011197,High
26.25250501002004,8.943900205658512,-59.24739356503383,-154.72346059006182,0.03992,1329.3064269776278,5.351802137011197,High
26.352705410821645,2.8507498338168267,-41.32936065435928,228.88972125101716,0.03992,729.9531121965655,5.351802137011197,High
26.452905811623246,0.6614632007768936,-13.37770994759552,193.00589003811135,0.03992,419.12688942425393,5.351802137011197,High
26.55310621242485,0.16984603670349607,-2.650825576581453,68.88065856627954,0.03992,245.15980379826726,5.351802137011197,High
26.653306613226455,0.13023563031968854,0.42602924404366704,25.59411008910541,0.03992,143.72707164623594,5.351802137011197,High
26.753507014028056,0.255222638716255,2.4782546015959843,32.74855682375954,0.03992,84.57795375336794,5.351802137011197,High
26.85370741482966,0.6268798390563588,6.988866282873235,85.59306196139389,0.03992,51.70880099077223,5.351802137011197,High
26.953907815631265,1.655797044101673,19.631172830332236,218.84047424692403,0.03992,45.32016546068874,5.351802137011197,Moderate
27.054108216432866,4.560982610666025,50.844672745182656,235.9141134621944,0.03992,140.5510054846514,5.351802137011197,High
27.15430861723447,11.84511021948898,66.90855027766578,-368.87460927020317,0.03992,857.9522761940103,5.351802137011197,High
27.254509018036075,17.96950972041869,-23.078094643635612,-813.9942507225471,0.03992,2397.175527281959,5.351802137011197,High
27.354709418837675,7.220241553429739,-96.21655006753404,-175.7941067197495,0.03992,1461.5401534260525,5.351802137011197,High
27.45490981963928,-1.3123640406101769,-58.307374547393024,343.6828195424392,0.03992,787.2636155908281,5.351802137011197,High
27.555110220440884,-4.464603045246218,-27.342237533979098,159.0870930734461,0.03992,579.2174490852163,5.351802137011197,High
27.655310621242485,-6.7917703600448665,-26.426193570750517,18.61815947067927,0.03992,591.9685066819317,5.351802137011197,High
27.75551102204409,-9.760433420146121,-23.611143451678643,138.58889206374926,0.03992,865.97302551803,5.351802137011197,High
27.855711422845694,-11.523462434529565,1.3471314921250857,247.0799909341357,0.03992,1225.8200699141812,5.351802137011197,High
27.955911823647295,-9.49046718925933,25.90388479163513,102.70516415762887,0.03992,1150.7166599167251,5.351802137011197,High
28.0561122244489,-6.332303157648777,21.929328718102816,-119.24844147088541,0.03992,821.5911575155525,5.351802137011197,High
28.156312625250504,-5.095812135531311,2.0064015309366496,-193.7906211846297,0.03992,591.3930485157933,5.351802137011197,High
28.256513026052104,-5.930218682511172,-16.906467110480293,-146.1547664674149,0.03992,526.0241384933316,5.351802137011197,High
28.35671342685371,-8.483881696749807,-27.283130827262728,22.659580532264524,0.03992,695.4865996821386,5.351802137011197,High
28.45691382765531,-11.397779970539775,-12.365469007822071,235.24251259453226,0.03992,1117.3195977916212,5.351802137011197,High
28.557114228456914,-10.961931598116955,19.85965726783392,208.74067171097386,0.03992,1279.195913471637,5.351802137011197,High
28.65731462925852,-7.417888734500913,29.466328930248842,-38.94455381985631,0.03992,965.65002230139,5.351802137011197,High
28.75751503006012,-5.056855660191335,12.055137464255502,-192.9548594071569,0.03992,657.319918250318,5.351802137011197,High
28.857715430861724,-5.002029523227265,-9.201979568179398,-190.45302088365858,0.03992,504.94097938863706,5.351802137011197,High
28.95791583166333,-6.900939741990814,-26.111800588581893,-82.96684717099618,0.03992,548.4334498062776,5.351802137011197,High
29.05811623246493,-10.234855292482154,-25.828602247737752,154.7665330189763,0.03992,893.1664541917305,5.351802137011197,High
29.158316633266534,-12.077012336727838,4.903536689770074,289.3292305075692,0.03992,1316.900444624625,5.351802137011197,High
29.258517034068138,-9.252182609161498,32.153207473217996,97.11653523956997,0.03992,1169.305869917483,5.351802137011197,High
29.35871743486974,-5.633483784980745,24.36576820070594,-152.02531054764177,0.03992,783.6175494826488,5.351802137011197,High
29.458917835671343,-4.3692631300621105,1.6872133754941951,-215.03130894118357,0.03992,536.7944182822682,5.351802137011197,High
29.559118236472948,-5.295364872056057,-18.726678480893977,-169.59075140501594,0.03992,458.11389950683065,5.351802137011197,High
29.65931863727455,-8.12210450899878,-32.2989091505611,5.505294419949766,0.03992,625.3675428161312,5.351802137011197,High
29.759519038076153,-11.76809215673764,-17.623413066074384,271.3898683027205,0.03992,1129.1417509060311,5.351802137011197,High
29.859719438877757,-11.653850614424508,22.08783800429271,269.1484384838948,0.03992,1381.8284271819384,5.351802137011197,High
29.95991983967936,-7.3416717149956146,36.314149756349416,-27.37383023505642,0.03992,1005.1931800489536,5.351802137011197,High
30.060120240480963,-4.376465893713202,16.602100482237315,-213.8088977882669,0.03992,641.7264626566982,5.351802137011197,High
30.160320641282567,-4.014597470058277,-6.533324750317298,-214.54048769873845,0.03992,449.3997790559548,5.351802137011197,High
30.260521042084168,-5.685749410810857,-26.391985228932715,-144.69686167602802,0.03992,434.5800329584125,5.351802137011197,High
30.360721442885772,-9.303572465836377,-35.53069181966159,97.75597147607898,0.03992,728.0129145991555,5.351802137011197,High
30.460921843687377,-12.806128532987529,-6.801610183626306,352.7790307970673,0.03992,1335.6453779382423,5.351802137011197,High
30.561122244488978,-10.66662059882762,35.16650874087295,213.49349636717446,0.03992,1351.1203088978539,5.351802137011197,High
30.661322645290582,-5.758731991730425,35.98265762542669,-122.10968867752693,0.03992,871.2017629364299,5.351802137011197,High
30.761523046092186,-3.455667166878384,10.695629246378575,-235.3920866234153,0.03992,542.1583147677569,5.351802137011197,High
30.861723446893787,-3.61531931710546,-11.190105224957147,-210.02151447056795,0.03992,380.66849965818045,5.351802137011197,High
30.96192384769539,-5.698173223984025,-31.39285060744266,-138.60646007827364,0.03992,397.44377212216955,5.351802137011197,High
31.062124248496996,-9.906471743446675,-38.966950932026016,150.57965581674497,0.03992,772.7025773653663,5.351802137011197,High
31.162324649298597,-13.50718142679485,-1.2165668766320454,411.80352199778065,0.03992,1470.0321786033605,5.351802137011197,High
31.2625250501002,-10.150272720727646,43.55880497935288,194.76084265068266,0.03992,1353.9118009030874,5.351802137011197,High
31.362725450901806,-4.777961992054793,37.81366211148072,-165.31519441267497,0.03992,815.2621949538751,5.351802137011197,High
31.462925851703407,-2.572384522034115,10.429507501862899,-236.61587057754343,0.03992,488.9681948385788,5.351802137011197,High
31.56312625250501,-2.6878803283548134,-9.604348024299535,-199.47922906527262,0.03992,321.03355977924787,5.351802137011197,High
31.663326653306616,-4.497103564979914,-29.546289906007367,-185.40275675658702,0.03992,297.0724918139283,5.351802137011197,High
31.763527054108216,-8.608980509919416,-46.759209097763865,65.20765231170977,0.03992,581.2905587230114,5.351802137011197,High
31.86372745490982,-13.867686550503736,-16.478624112077554,451.855955715392,0.03992,1418.949033318084,5.351802137011197,High
31.963927855711425,-11.911309991297683,43.79308663678364,336.7385503951257,0.03992,1580.2799930679248,5.351802137011197,High
32.06412825651303,-5.091516883813626,51.00405131780735,-114.95803848642724,0.03992,930.1895396033477,5.351802137011197,High
32.16432865731463,-1.690057222198013,20.755403573371368,-244.10779667978508,0.03992,528.4778717776763,5.351802137011197,High
32.26452905811623,-0.9321173701119491,2.0846531855858896,-144.7981603204368,0.03992,311.04986616111074,5.351802137011197,High
32.364729458917836,-1.272291052741923,-8.262263825513765,-125.67901481494894,0.03992,190.59995238722985,5.351802137011197,High
32.46492985971944,-2.587881663802082,-23.101522128031135,-209.26534647808097,0.03992,148.13766296082676,5.351802137011197,High
32.565130260521045,-5.901854605453574,-50.19920700749392,-127.10524397472929,0.03992,278.2553654055614,5.351802137011197,High
32.66533066132265,-12.647842987949161,-48.57351490853801,397.03872614307664,0.03992,1053.0523862095495,5.351802137011197,High
32.765531062124246,-15.636025929809888,29.367671979094595,620.8508390720136,0.03992,2024.2622511695472,5.351802137011197,High
32.86573146292585,-6.762537982118581,75.84549091751683,68.5514701240252,0.03992,1247.824842232491,5.351802137011197,High
32.965931863727455,-0.43652875195080565,43.1054415430275,-277.6401786141307,0.03992,668.6479914306524,5.351802137011197,High
33.06613226452906,1.8758270565642863,20.206176565987615,-93.45077758789034,0.03992,411.85330434105464,5.351802137011197,High
33.166332665330664,3.6128052292090373,24.37783080397132,105.91412019667915,0.03992,313.73636771428465,5.351802137011197,High
33.26653306613227,6.761163891027477,41.43145115450047,49.49962388013795,0.03992,434.4042859868245,5.351802137011197,High
33.366733466933866,11.915701252155024,34.297595108608185,-311.478718793408,0.03992,1042.7402357174733,5.351802137011197,High
33.46693386773547,13.634429443854769,-20.98913377403821,-436.6800510814316,0.03992,1648.1027424762265,5.351802137011197,High
33.567134268537075,7.709462018880834,-53.213437172239836,-47.966054682623735,0.03992,1158.7085626851156,5.351802137011197,High
33.66733466933868,2.9704139784760435,-30.601569582179238,238.37417599103787,0.03992,659.120696975199,5.351802137011197,High
33.76753507014028,1.576882944295816,-5.4430612221320445,200.7609030089648,0.03992,389.6316190299442,5.351802137011197,High
33.86773547094189,1.8796201463854534,9.631076311400884,165.06730924764577,0.03992,245.92230448076057,5.351802137011197,High
33.967935871743485,3.5069583574022056,27.636559869580534,208.92458496878618,0.03992,210.81671752358739,5.351802137011197,High
34.06813627254509,7.418008897804398,51.49973061376284,16.77065267968012,0.03992,425.7346874431778,5.351802137011197,High
34.168336673346694,13.827545654749468,30.99741210999739,-465.95978346565795,0.03992,1320.0931857759517,5.351802137011197,High
34.2685370741483,13.629915132272814,-41.8789835076115,-474.1914849559008,0.03992,1814.6674346305074,5.351802137011197,High
34.3687374749499,5.434963789496662,-64.03094158857992,55.2137798497149,0.03992,1049.4981886041626,5.351802137011197,High
34.46893787575151,0.7980631105133105,-30.814097766185668,256.4514618173374,0.03992,578.2920212353803,5.351802137011197,High
34.569138276553105,-0.7402061035265185,-12.63786306807142,82.28885008567408,0.03992,340.9132873720291,5.351802137011197,High
34.66933867735471,-1.7345747788797596,-14.3233462460105,-89.49916147305689,0.03992,216.6534686403094,5.351802137011197,High
34.76953907815631,-3.6106161728673003,-30.573566770086828,-199.59762402913972,0.03992,198.3413967004431,5.351802137011197,High
34.86973947895792,-7.861542067474314,-54.32287009954552,21.59498339420995,0.03992,456.1272990471266,5.351802137011197,High
34.96993987975952,-14.496962886203075,-26.245914787279222,518.4335321359151,0.03992,1448.8257576049489,5.351802137011197,High
35.07014028056113,-13.121244429654519,49.57162531847356,452.4586919356363,0.03992,1801.7774924211697,5.351802137011197,High
35.170340681362724,-4.562769435607171,64.42716976896052,-100.43614575100736,0.03992,993.8537307163101,5.351802137011197,High
35.27054108216433,-0.20998796292896166,29.444141200035208,-248.66678381707388,0.03992,552.8760977014705,5.351802137011197,High
35.37074148296593,1.3378600633978808,14.594146959927688,-42.942744802301604,0.03992,334.26477203657555,5.351802137011197,High
35.47094188376754,2.7146907865555447,20.83838071861204,133.848239555651,0.03992,236.6771199983606,5.351802137011197,High
35.57114228456914,5.513888263520534,41.41744146005815,132.71082247497935,0.03992,305.2153717740496,5.351802137011197,High
35.671342685370746,11.014779255505074,47.43373592401873,-257.9562510042713,0.03992,851.1620444410257,5.351802137011197,High
35.77154308617234,15.019646965728695,-10.27719801975573,-546.5876651886379,0.03992,1780.57163839746,5.351802137011197,High
35.87174348697395,8.95522053411114,-62.1028703262093,-165.42382511883315,0.03992,1352.6548774590756,5.351802137011197,High
35.97194388777555,2.5741819704963698,-43.428265177838526,233.96502743936813,0.03992,732.9669983485513,5.351802137011197,High
36.07214428857716,0.25216138023568374,-15.216091280243736,182.81738948946077,0.03992,420.37739099750155,5.351802137011197,High
36.17234468937876,-0.47513491933203444,-6.791513777144986,25.653052666036306,0.03992,247.52087089049414,5.351802137011197,High
36.27254509018036,-1.1088634248033917,-10.075198962400789,-86.91776343840908,0.03992,151.8777922264681,5.351802137011197,High
36.37274549098196,-2.494212867708946,-24.20990324376003,-213.5511957400788,0.03992,123.05229832899795,5.351802137011197,High
36.47294589178357,-5.96054744158897,-52.871029772035826,-124.1695882461888,0.03992,266.93779003965227,5.351802137011197,High
36.57314629258517,-13.089609615611916,-49.093588263036345,436.9162716033962,0.03992,1110.3675443781365,5.351802137011197,High
36.673346693386776,-15.79894188307922,34.68734129076903,643.2445889079487,0.03992,2098.7604423604976,5.351802137011197,High
36.77354709418838,-6.138238615457803,79.81314298104155,43.729118150023695,0.03992,1222.061320868688,5.351802137011197,High
36.87374749498998,0.19567594879283678,43.4506916214351,-288.09941749345984,0.03992,661.2660985319369,5.351802137011197,High
36.97394789579158,2.5693148156915138,22.077788773935364,-75.93503040478093,0.03992,426.4033889005937,5.351802137011197,High
37.07414829659319,4.6200825167157555,28.233250658553146,93.90450925288349,0.03992,367.61170271791536,5.351802137011197,High
37.17434869739479,8.22728087952982,40.89632770236893,-46.124469781152946,0.03992,586.9184340078917,5.351802137011197,High
37.274549098196395,12.815739370897907,18.989869940887225,-366.0146949359261,0.03992,1258.5752206022362,5.351802137011197,High
37.374749498998,12.032866038024254,-32.45331056134373,-319.8187808456879,0.03992,1508.3457762661315,5.351802137011197,High
37.4749498997996,6.312069919726818,-45.10207010834884,66.28981383760049,0.03992,977.1531452039571,5.351802137011197,High
37.5751503006012,2.9943750343471303,-19.168778730161264,242.36103373181595,0.03992,577.6220428021455,5.351802137011197,High
37.675350701402806,2.470631296448008,3.4672753288888214,207.0103267369348,0.03992,363.5631010569424,5.351802137011197,High
37.77555110220441,3.6892197896354713,22.316256688062136,199.53474824679012,0.03992,285.14932466392116,5.351802137011197,High
37.875751503006015,6.942827025518577,43.45419882523955,56.78534515315744,0.03992,430.54182186759965,5.351802137011197,High
37.97595190380762,12.397476067238587,33.69608537606964,-347.0000460972961,0.03992,1107.6897972034194,5.351802137011197,High
38.07615230460922,13.695549545773014,-26.084888569008168,-448.37323585503685,0.03992,1695.5326266650027,5.351802137011197,High
38.17635270541082,7.170043488279035,-56.158270506703275,-22.30407551449179,0.03992,1133.901626110083,5.351802137011197,High
38.276553106212425,2.4413871195799732,-30.55464318113077,247.10053709548163,0.03992,635.9011929274146,5.351802137011197,High
38.37675350701403,1.0468685020804827,-6.639124796185909,178.18828237969723,0.03992,371.2170926835455,5.351802137011197,High
38.476953907815634,1.1109011884805926,5.154431444059057,120.83190955531313,0.03992,223.35827357323518,5.351802137011197,High
38.57715430861724,2.0798206952786904,17.575686737944977,180.91780925749396,0.03992,154.29585583412768,5.351802137011197,High
38.677354709418836,4.63308289949161,41.41050544355684,199.60070510153903,0.03992,208.01948021077692,5.351802137011197,High
38.77755511022044,10.378519180961424,57.57582804085861,-223.49086948054966,0.03992,717.37271409794,5.351802137011197,High
38.877755511022045,16.171324991848046,-3.3772439513428902,-645.3485393988767,0.03992,1915.2993672834727,5.351802137011197,High
38.97795591182365,9.701716785902729,-71.75253656813472,-256.53873673390956,0.03992,1522.610164790242,5.351802137011197,High
39.078156312625254,1.7920591465304678,-54.787812435092306,241.57142813521918,0.03992,790.5477634510962,5.351802137011197,High
39.17835671342686,-1.2778047441758904,-23.341428725405418,171.23966466568328,0.03992,467.12353087019955,5.351802137011197,High
39.278557114228455,-2.8855818806048865,-20.471246369825117,-61.96070173379461,0.03992,320.8662809137362,5.351802137011197,High
39.37875751503006,-5.380258926505573,-35.75840302075504,-116.65995896880119,0.03992,346.5573447756273,5.351802137011197,High
39.478957915831664,-10.051594510014715,-43.849995662170045,178.0044840278806,0.03992,760.9205412119551,5.351802137011197,High
39.57915831663327,-14.167833207501575,-0.08616173260261263,471.115476782852,0.03992,1574.6541930433768,5.351802137011197,High
39.67935871743487,-10.0688613902958,50.56192353279028,210.45074146795557,0.03992,1394.2504328378127,5.351802137011197,High
39.77955911823648,-4.035183200930376,42.08833555556484,-186.66450882213667,0.03992,798.2130109576119,5.351802137011197,High
39.879759519038075,-1.634325206815872,13.154206333965295,-227.3385686943949,0.03992,462.55611253700096,5.351802137011197,High
39.97995991983968,-1.399069707149756,-3.470495846117508,-152.44587930211495,0.03992,279.1757521080597,5.351802137011197,High
40.08016032064128,-2.3298153563384187,-17.396070079284193,-184.09912604388495,0.03992,192.65213766063218,5.351802137011197,High
40.18036072144289,-4.885256095783863,-40.36410827976179,-181.42489618241157,0.03992,243.35298268486713,5.351802137011197,High
40.28056112224449,-10.418815011601302,-53.75376470501798,218.80200794721068,0.03992,742.8358970202361,5.351802137011197,High
40.3807615230461,-15.65755363185961,3.48398950525038,599.6203530805586,0.03992,1832.3787647151953,5.351802137011197,High
40.480961923847694,-9.720620721971967,66.41063470992363,237.14711181979098,0.03992,1476.1430492958207,5.351802137011197,High
40.5811623246493,-2.348809201013191,51.00846081182172,-229.54605335450134,0.03992,780.0264688379533,5.351802137011197,High
40.6813627254509,0.5015157132628467,20.40942161282917,-181.14456914400756,0.03992,449.926051471645,5.351802137011197,High
40.78156312625251,1.741255250455581,14.706943949295148,32.69439489075002,0.03992,281.15813693985655,5.351802137011197,High
40.88176352705411,3.4487990698350206,26.96140455686725,171.45360905713244,0.03992,230.09405893388154,5.351802137011197,High
40.981963927855716,7.14434233600012,49.066384642107266,32.1600549498075,0.03992,415.32186026711526,5.351802137011197,High
41.08216432865731,13.281741883884573,33.40630534841184,-424.4855837767513,0.03992,1228.8697859862639,5.351802137011197,High
41.18236472945892,13.838992706423335,-36.00086661575873,-478.99136345117813,0.03992,1790.7970032210815,5.351802137011197,High
41.28256513026052,6.06713935567641,-62.583947848217036,23.18972966373667,0.03992,1084.911281752727,5.351802137011197,High
41.38276553106213,1.2971193901473757,-31.35362620218425,257.93081212329434,0.03992,596.8683390194302,5.351802137011197,High
41.48296593186373,-0.21615246840860952,-10.894406340542814,114.27338232675575,0.03992,347.4174607968826,5.351802137011197,High
41.58316633266533,-0.8861283734884589,-8.453148781992713,-32.37386411610901,0.03992,208.10543113214524,5.351802137011197,High
41.68336673346693,-1.9101702603911173,-17.38215466040434,-159.65033940820373,0.03992,141.99445193969146,5.351802137011197,High
41.78356713426854,-4.369526101024399,-40.44720477562072,-210.86340840623143,0.03992,187.76638332105642,5.351802137011197,High
41.88376753507014,-10.015822520034549,-59.639350733797414,197.22797322995774,0.03992,664.0949005516077,5.351802137011197,High
41.983967935871746,-16.321299795172177,-0.9225608417614533,658.0597141089634,0.03992,1911.9451525812894,5.351802137011197,High
42.08416833667335,-10.200704452251273,72.23634347641568,294.65050375525504,0.03992,1580.174247734217,5.351802137011197,High
42.18436873747495,-1.8450786576139233,58.125636303580244,-235.56762002290867,0.03992,813.3085948348855,5.351802137011197,High
42.28456913827655,1.4477196566826445,25.02840359206525,-181.76289005518376,0.03992,482.7662018164875,5.351802137011197,High
42.38476953907816,3.1706334850845233,21.700207434805943,56.89422185602147,0.03992,339.7520992691593,5.351802137011197,High
42.48496993987976,5.796458621573615,36.43005125860262,93.9592020060342,0.03992,383.13879703394844,5.351802137011197,High
42.585170340681366,10.471244959754387,40.5297068348128,-206.04582743975985,0.03992,830.4232242699125,5.351802137011197,High
42.68537074148297,13.918644360013054,-4.861697727321199,-449.88245994807767,0.03992,1573.4741129702618,5.351802137011197,High
42.78557114228457,9.496956838046732,-49.62709876600436,-164.12939856457172,0.03992,1319.5266315799195,5.351802137011197,High
42.88577154308617,3.9733339860642847,-37.75336076631353,198.2074047363466,0.03992,763.6630169643688,5.351802137011197,High
42.985971943887776,1.931153077262457,-9.906175973149328,226.28923542526266,0.03992,449.6055074559645,5.351802137011197,High
43.08617234468938,1.988128380222736,7.5951834070858055,175.8444982893866,0.03992,282.0520312671121,5.351802137011197,High
43.186372745490985,3.453233920365825,25.333202441557404,204.43685508177794,0.03992,229.57986893532544,5.351802137011197,High
43.28657314629259,7.064922456687145,48.56449304271265,44.39539095453763,0.03992,408.3114582111883,5.351802137011197,High
43.38677354709419,13.18559725557878,34.230074376334485,-416.13707544478734,0.03992,1210.3746209054348,5.351802137011197,High
43.48697394789579,13.924656800641952,-34.82971045323672,-483.7810281252647,0.03992,1795.9467392269894,5.351802137011197,High
43.587174348697395,6.205695361142564,-62.72003146039191,14.498509002174668,0.03992,1099.393446552301,5.351802137011197,High
43.687374749499,1.3555122194010876,-31.924197627149614,257.85376449044486,0.03992,604.1921680194502,5.351802137011197,High
43.787575150300604,-0.1919394338773983,-11.04593036010236,117.97250405604277,0.03992,351.4328721877384,5.351802137011197,High
43.88777555110221,-0.85810107921662,-8.282413247181124,-28.930502532720528,0.03992,210.18671628630807,5.351802137011197,High
43.987975951903806,-1.8517416878215114,-16.843626258443148,-155.13439887086255,0.03992,142.002668131168,5.351802137011197,High
44.08817635270541,-4.233577283313443,-39.37147113713354,-215.5491552590477,0.03992,181.32551320900166,5.351802137011197,High
44.188376753507015,-9.741816064000577,-60.0398497572503,177.24771808580087,0.03992,630.1398320584879,5.351802137011197,High
44.28857715430862,-16.265611302802483,-3.8508863503998936,655.4021859675856,0.03992,1879.614489888408,5.351802137011197,High
44.388777555110224,-10.513536775503562,71.30327368314762,316.8871005204064,0.03992,1617.6669632381397,5.351802137011197,High
44.48897795591183,-1.9763780997668863,59.6535426116054,-227.3103913626399,0.03992,831.1470178369597,5.351802137011197,High
44.589178356713425,1.4410809823331925,25.750089041336018,-189.41602934878088,0.03992,492.2024899745595,5.351802137011197,High
44.68937875751503,3.183960385470793,21.694418493613245,51.620889503413025,0.03992,345.9206098903446,5.351802137011197,High
44.789579158316634,5.788659838768712,36.09495667729053,92.58818627972607,0.03992,386.355232531858,5.351802137011197,High
44.88977955911824,10.417418637432824,40.24916524305735,-201.28326153374215,0.03992,825.8705293562466,5.351802137011197,High
44.98997995991984,13.854624817337319,-4.242370283379241,-444.0301271420211,0.03992,1558.4482035998117,5.351802137011197,High
45.09018036072145,9.567244231946002,-48.73482817217734,-166.45715073800363,0.03992,1325.5263720290566,5.351802137011197,High
45.190380761523045,4.088126185638453,-37.600516723860935,193.86323092008993,0.03992,771.4035049362561,5.351802137011197,High
45.29058116232465,2.032070539789502,-9.884481294403805,227.7843760549638,0.03992,455.4724048075478,5.351802137011197,High
45.390781563126254,2.107268210808031,8.04765483024003,180.66839022919305,0.03992,287.91399397153424,5.351802137011197,High
45.49098196392786,3.64482701879552,26.321608931887393,202.94341321087407,0.03992,240.35865182669335,5.351802137011197,High
45.59118236472946,7.382139740244383,48.717677517789944,21.87944298620854,0.03992,439.90631114860423,5.351802137011197,High
45.69138276553107,13.407888645607134,30.706266844955238,-429.65213841593857,0.03992,1262.1546243297312,5.351802137011197,High
45.791583166332664,13.535700230215372,-37.384955431295936,-455.59959141878556,0.03992,1759.4192815284891,5.351802137011197,High
45.89178356713427,5.915913609275282,-60.59625648546271,39.605710585896006,0.03992,1056.157851164082,5.351802137011197,High
45.99198396793587,1.3921618563751503,-29.447939281817778,255.97255063309981,0.03992,584.0967250359296,5.351802137011197,High
46.09218436873748,0.014522971636449111,-9.299152150172164,119.95964799813721,0.03992,339.4050754181977,5.351802137011197,High
46.19238476953908,-0.47139568874953186,-5.407929662952603,-4.079571077590425,0.03992,200.17498683570315,5.351802137011197,High
46.29258517034068,-1.0692304678330107,-10.116701464318542,-99.73886701567626,0.03992,123.61167888915841,5.351802137011197,High
46.392785571142284,-2.4987907717792996,-25.39567856388973,-227.82604812013307,0.03992,106.64046209233024,5.351802137011197,High
46.49298597194389,-6.158544809293879,-55.77322413368389,-110.71994252777942,0.03992,270.7181146860092,5.351802137011197,High
46.59318637274549,-13.675789596164849,-47.58404379991767,484.13930740854283,0.03992,1201.9708671987723,5.351802137011197,High
46.6933867735471,-15.694425330319465,41.248681158609266,648.0208780103573,0.03992,2140.167896835521,5.351802137011197,High
46.7935871743487,-5.409520826904475,82.27985960897155,8.256786957351217,0.03992,1190.4456647893887,5.351802137011197,High
46.8937875751503,0.7945244911177198,42.90334788352935,-294.18322176018,0.03992,656.9254145446641,5.351802137011197,High
46.9939879759519,3.188344480416035,23.325306150017642,-62.82703705381658,0.03992,444.6886799135914,5.351802137011197,High
47.09418837675351,5.468934541221456,30.312759295590155,68.8513997321368,0.03992,424.8772035181272,5.351802137011197,High
47.19438877755511,9.263045742057349,37.12318184784065,-114.77991245253052,0.03992,720.3636533801199,5.351802137011197,High
47.294589178356716,12.908449941590323,7.310772832157184,-364.9405962335352,0.03992,1346.923992308955,5.351802137011197,High
47.39478957915832,10.728130477960592,-36.0112061749119,-221.59349812622108,0.03992,1369.3093753186695,5.351802137011197,High
47.49498997995992,5.691775357439641,-37.09674182239614,122.05379980859237,0.03992,875.5689018663811,5.351802137011197,High
47.59519038076152,3.293913679885213,-11.551526854552705,236.39409361389508,0.03992,539.0811605122166,5.351802137011197,High
47.69539078156313,3.3768401160463135,10.276824032091856,210.40267912658805,0.03992,370.3589206893507,5.351802137011197,High
47.79559118236473,5.3533974538515166,30.613338701877762,154.21109370107587,0.03992,370.89416150485135,5.351802137011197,High
47.895791583166336,9.51177773165308,41.18085082589464,-124.3214760837706,0.03992,714.6758841980223,5.351802137011197,High
47.99599198396794,13.606072970062868,5.699215238196278,-421.99353509084324,0.03992,1453.407381466015,5.351802137011197,High
48.09619238476954,10.653905033896823,-43.38699187768117,-234.38383262065412,0.03992,1412.8352446032382,5.351802137011197,High
48.19639278557114,4.911285018623756,-41.271492701814566,150.60296122928236,0.03992,848.3570739249359,5.351802137011197,High
48.296593186372746,2.3830648130923002,-13.206037723516367,239.01567256533636,0.03992,500.8892074228101,5.351802137011197,High
48.39679358717435,2.264784472828893,6.627439676008351,191.25508209661848,0.03992,316.71349881855605,5.351802137011197,High
48.496993987975955,3.7112090367412685,25.12163403933303,200.49601638517512,0.03992,259.4515862306933,5.351802137011197,High
48.59719438877756,7.299180071893629,46.80700207784705,29.58927364866975,0.03992,444.139539297989,5.351802137011197,High
48.69739478957916,13.091369773784766,31.05134819738308,-403.17311536441576,0.03992,1216.8556306672092,5.351802137011197,High
48.79759519038076,13.521895141509477,-33.98921342604388,-447.7735202026226,0.03992,1727.2945332556565,5.351802137011197,High
48.897795591182366,6.279904157343106,-58.682824187912026,24.09555942625169,0.03992,1073.1794003840714,5.351802137011197,High
48.99799599198397,1.7618101339118752,-29.160444001945347,254.29523443604,0.03992,596.3368072524468,5.351802137011197,High
49.098196392785574,0.436127804247846,-7.721855363054312,142.83334666982316,0.03992,346.23244058812634,5.351802137011197,High
49.19839679358718,0.2143441292917727,-0.5365268336441126,51.75435884842107,0.03992,202.90242835815462,5.351802137011197,High
49.298597194388776,0.32860739670393563,2.64975963662927,41.502358213639354,0.03992,119.46748818272437,5.351802137011197,High
49.39879759519038,0.7453580845280994,7.780579020792632,93.01594515827298,0.03992,73.04130079744036,5.351802137011197,High
49.498997995991985,1.88784166940787,21.29022960822706,223.64224508709592,0.03992,62.24571940074494,5.351802137011197,High
49.59919839679359,5.011937164333122,52.5986642085874,201.65910966919998,0.03992,173.79047427525867,5.351802137011197,High
49.699398797595194,12.428656140066668,61.70287683652366,-406.65602522348,0.03992,958.271191882345,5.351802137011197,High
49.7995991983968,17.37724314359638,-28.895529222971717,-769.2271563537657,0.03992,2333.062797382055,5.351802137011197,High
49.899799599198396,6.637968921034259,-92.450861911726,-243.65290691795835,0.03992,1369.1799348587474,5.351802137011197,High
50.0,-1.1499836924208524,-77.72376708228201,146.97640639785095,0.03992,742.8311871411814,5.351802137011197,High
