0.210690;0.057461;10.218.452
0.220267;0.067038;10.371.682
0.220267;0.086191;10.046.070
0.220267;0.076614;9.892.841
0.220267;0.095768;9.940.725
0.229843;0.076614;9.864.111
0.210690;0.076614;9.825.804
0.191536;0.114922;9.950.302
0.201113;0.076614;9.931.149
0.181959;0.067038;9.959.879
0.191536;0.095768;9.988.609
0.181959;0.114922;10.084.377
0.220267;0.095768;10.026.917
0.210690;0.086191;10.046.070
0.229843;0.095768;9.998.186
0.210690;0.095768;9.998.186
0.210690;0.057461;9.873.688
0.229843;0.124498;9.988.609
0.191536;0.105345;10.007.763
0.210690;0.086191;10.007.763
0.210690;0.086191;10.036.493
0.191536;0.095768;10.026.917
0.210690;0.095768;9.969.456
0.210690;0.086191;9.979.033
0.201113;0.067038;9.940.725
0.220267;0.095768;10.007.763
0.191536;0.086191;9.940.725
0.201113;0.067038;9.969.456
0.239420;0.086191;9.931.149
0.220267;0.114922;9.988.609
0.229843;0.105345;9.883.265
0.210690;0.086191;9.921.572
0.220267;0.114922;9.950.302
0.220267;0.124498;10.055.647
0.210690;0.067038;9.998.186
0.229843;0.095768;10.046.070
0.201113;0.095768;10.084.377
0.201113;0.095768;10.084.377
0.229843;0.076614;9.959.879
0.201113;0.095768;9.902.418
0.229843;0.076614;9.892.841
0.220267;0.067038;9.902.418
0.210690;0.105345;9.969.456
0.210690;0.095768;9.940.725
0.210690;0.067038;9.988.609
0.220267;0.124498;10.007.763
0.181959;0.076614;10.084.377
0.201113;0.076614;10.065.224
0.201113;0.086191;10.065.224
0.210690;0.095768;10.017.340
0.220267;0.114922;9.902.418
0.210690;0.057461;9.816.227
0.210690;0.086191;9.825.804
0.229843;0.105345;9.844.957
0.191536;0.086191;9.959.879
0.229843;0.105345;9.988.609
0.220267;0.086191;10.055.647
0.220267;0.067038;9.988.609
0.220267;0.067038;9.988.609
0.201113;0.067038;9.979.033
0.191536;0.086191;10.026.917
0.210690;0.086191;9.969.456
0.191536;0.086191;9.959.879
0.210690;0.086191;9.921.572
0.220267;0.105345;9.931.149
0.220267;0.124498;9.892.841
0.229843;0.095768;9.883.265
0.191536;0.124498;10.017.340
0.201113;0.105345;10.084.377
0.201113;0.086191;10.132.261
0.210690;0.095768;10.170.568
0.210690;0.095768;10.122.684
0.201113;0.114922;10.036.493
0.201113;0.076614;9.911.995
0.210690;0.095768;9.883.265
0.229843;0.105345;9.892.841
0.201113;0.105345;9.892.841
0.229843;0.076614;9.864.111
0.239420;0.114922;9.940.725
0.220267;0.095768;9.959.879
0.172383;0.124498;9.998.186
0.210690;0.105345;9.969.456
0.181959;0.105345;10.017.340
0.191536;0.076614;9.988.609
0.201113;0.067038;10.036.493
0.210690;0.086191;10.084.377
0.210690;0.105345;10.113.108
0.201113;0.095768;10.065.224
0.220267;0.076614;9.969.456
0.201113;0.095768;9.940.725
0.181959;0.105345;9.902.418
0.201113;0.086191;9.844.957
0.229843;0.114922;9.873.688
0.162806;0.086191;9.940.725
0.229843;0.086191;9.940.725
0.229843;0.076614;9.950.302
0.181959;0.105345;9.998.186
0.248997;0.095768;10.084.377
0.210690;0.076614;10.093.954
0.181959;0.067038;10.103.531
0.201113;0.114922;10.074.800
0.191536;0.095768;9.998.186
0.210690;0.086191;9.921.572
0.220267;0.105345;9.940.725
0.248997;0.105345;10.007.763
0.229843;0.105345;10.007.763
0.220267;0.067038;9.998.186
0.191536;0.086191;10.007.763
0.201113;0.095768;9.921.572
0.191536;0.086191;9.902.418
0.191536;0.095768;9.873.688
0.201113;0.124498;9.883.265
0.181959;0.086191;9.902.418
0.201113;0.076614;9.940.725
0.229843;0.067038;9.969.456
0.220267;0.105345;10.122.684
0.229843;0.067038;10.141.838
0.229843;0.076614;10.151.415
0.191536;0.114922;10.046.070
0.220267;0.076614;9.940.725
0.191536;0.057461;9.892.841
0.220267;0.076614;9.940.725
0.229843;0.095768;9.959.879
0.229843;0.086191;9.969.456
0.210690;0.076614;9.959.879
0.191536;0.095768;10.017.340
0.191536;0.076614;10.017.340
0.191536;0.086191;10.007.763
0.210690;0.114922;9.998.186
0.181959;0.124498;9.988.609
0.201113;0.105345;9.979.033
0.191536;0.114922;9.959.879
0.201113;0.095768;9.988.609
0.220267;0.105345;10.007.763
0.201113;0.076614;10.007.763
0.201113;0.067038;9.998.186
0.201113;0.095768;9.969.456
0.210690;0.086191;9.950.302
0.201113;0.057461;9.892.841
0.181959;0.076614;9.892.841
0.201113;0.114922;9.892.841
0.210690;0.114922;9.959.879
0.239420;0.086191;9.998.186
0.210690;0.076614;10.036.493
0.201113;0.105345;10.036.493
0.229843;0.095768;10.065.224
0.191536;0.095768;10.074.800
0.191536;0.086191;10.074.800
0.201113;0.067038;9.969.456
0.191536;0.067038;10.007.763
0.220267;0.095768;9.998.186
0.201113;0.114922;9.998.186
0.220267;0.086191;9.979.033
0.210690;0.105345;10.046.070
0.220267;0.105345;10.093.954
0.248997;0.124498;10.314.221
0.181959;0.095768;10.563.218
0.239420;0.134075;10.975.020
0.239420;0.172383;11.578.360
0.239420;0.229843;13.426.683
0.201113;0.239420;14.460.979
0.392649;0.210690;15.342.045
0.277727;-0.047884;14.001.291
0.105345;-0.038307;11.798.626
0.047884;0.057461;9.911.995
0.229843;0.105345;6.856.994
-0.076614;0.038307;4.692.636
0.172383;0.000000;3.821.146
0.239420;0.019154;3.160.346
-0.047884;0.095768;2.614.468
0.210690;0.067038;3.083.732
0.153229;-0.019154;3.821.146
0.191536;0.000000;6.607.996
0.229843;0.028730;8.350.976
0.181959;0.067038;10.256.760
0.354342;0.095768;13.694.834
0.354342;0.124498;14.901.511
0.239420;0.258574;16.251.841
0.335188;0.421380;17.037.140
0.335188;0.239420;17.266.983
0.277727;0.325611;16.443.377
0.325611;0.268151;15.715.540
0.248997;0.105345;12.919.112
0.191536;0.067038;11.712.435
0.268151;0.076614;9.816.227
0.191536;0.076614;8.063.671
0.124498;-0.095768;4.922.479
0.181959;0.047884;4.271.256
0.000000;0.047884;2.825.158
0.181959;0.105345;3.198.653
0.047884;0.047884;3.093.309
0.067038;0.009577;4.424.485
0.296881;0.000000;6.981.492
0.105345;0.009577;8.389.283
0.181959;0.086191;10.046.070
0.335188;0.162806;11.951.855
0.239420;0.028730;14.595.054
0.354342;0.172383;16.021.997
0.344765;0.363919;16.567.875
0.306458;0.181959;16.864.758
0.373495;0.229843;16.012.421
0.306458;0.172383;15.485.697
0.239420;0.114922;14.317.327
0.258574;-0.038307;11.607.090
0.220267;-0.038307;9.710.882
0.134075;0.000000;8.226.477
0.124498;0.210690;5.363.012
0.057461;0.153229;4.491.522
0.105345;0.095768;3.581.726
0.086191;0.105345;3.524.265
0.047884;0.009577;3.591.303
0.134075;0.038307;4.663.905
0.162806;0.057461;5.573.701
0.153229;0.181959;8.599.973
0.210690;0.258574;10.007.763
0.287304;0.277727;11.961.432
0.296881;0.076614;14.374.787
0.335188;-0.038307;15.801.731
0.316035;0.000000;16.213.533
0.316035;0.143652;16.366.762
0.316035;0.105345;15.648.502
0.306458;0.086191;15.169.662
0.220267;-0.047884;13.848.063
0.268151;-0.114922;11.415.554
0.181959;0.210690;9.605.537
0.124498;0.335188;8.370.130
0.210690;0.287304;5.717.354
0.000000;0.143652;4.644.751
0.134075;0.201113;4.012.682
0.047884;0.105345;3.620.033
0.086191;0.038307;3.983.952
0.134075;0.057461;5.094.861
0.153229;0.114922;5.870.583
0.181959;0.201113;8.734.048
0.201113;0.210690;9.979.033
0.258574;0.095768;11.923.124
0.287304;-0.028730;14.211.981
0.335188;-0.067038;15.428.236
0.316035;0.201113;15.830.462
0.277727;0.363919;16.242.264
0.363919;0.277727;15.294.161
0.268151;0.201113;14.882.358
0.229843;0.095768;13.599.066
0.239420;0.095768;11.224.017
0.191536;0.057461;8.427.590
0.191536;0.057461;8.427.590
0.086191;-0.067038;5.937.620
0.095768;0.047884;4.884.171
0.162806;0.000000;4.290.410
0.028730;0.057461;4.003.105
0.095768;0.000000;4.357.447
0.172383;0.019154;5.401.319
0.105345;-0.009577;6.081.272
0.201113;0.095768;8.944.737
0.191536;0.086191;10.017.340
0.229843;0.086191;11.846.510
0.258574;0.162806;14.039.598
0.287304;0.277727;15.102.624
0.296881;0.306458;15.495.274
0.306458;0.296881;15.964.537
0.287304;0.277727;15.035.586
0.268151;0.229843;14.595.054
0.268151;0.172383;13.311.762
0.220267;0.143652;11.061.212
0.181959;0.162806;9.567.230
0.143652;-0.009577;8.485.051
0.201113;0.057461;6.981.492
0.047884;0.086191;5.056.554
0.181959;0.038307;4.673.482
0.067038;0.047884;4.242.526
0.067038;-0.019154;4.663.905
0.191536;0.057461;5.707.777
0.114922;0.000000;6.339.846
0.220267;0.019154;9.059.659
0.220267;0.086191;10.103.531
0.191536;0.086191;11.741.165
0.248997;0.057461;12.899.959
0.296881;0.191536;14.777.013
0.277727;0.325611;15.236.700
0.296881;0.296881;15.619.772
0.306458;0.229843;14.719.552
0.258574;0.191536;14.240.712
0.258574;0.181959;13.110.648
0.248997;0.019154;12.181.698
0.153229;0.095768;9.557.653
0.162806;0.134075;8.475.474
0.162806;0.095768;7.125.144
0.086191;0.076614;5.257.667
0.153229;0.028730;4.941.632
0.067038;0.057461;4.635.174
0.095768;0.009577;5.056.554
0.181959;0.028730;5.956.774
0.143652;0.038307;6.665.458
0.172383;0.067038;7.948.750
0.220267;0.105345;10.237.606
0.201113;0.134075;11.626.244
0.258574;0.124498;12.794.614
0.268151;0.114922;14.508.862
0.268151;0.210690;14.930.242
0.296881;0.268151;15.246.277
0.296881;0.191536;14.815.320
0.277727;0.134075;13.915.100
0.248997;0.095768;12.842.498
0.248997;-0.047884;11.942.278
0.201113;0.000000;9.548.077
0.134075;0.019154;8.465.898
0.201113;0.105345;7.278.373
0.038307;0.181959;5.544.971
0.181959;0.153229;5.334.281
0.105345;0.124498;4.941.632
0.124498;0.076614;5.248.090
0.201113;0.076614;6.330.269
0.172383;0.143652;7.029.376
0.105345;0.086191;8.044.518
0.248997;0.105345;10.400.413
0.210690;0.124498;11.654.974
0.220267;0.009577;12.564.771
0.287304;0.114922;14.231.135
0.239420;0.344765;14.604.630
0.316035;0.229843;14.853.627
0.296881;0.220267;14.518.439
0.229843;0.191536;13.560.759
0.248997;0.181959;12.689.269
0.229843;0.124498;11.798.626
0.210690;0.009577;9.500.193
0.191536;0.038307;8.494.628
0.114922;0.153229;7.422.025
0.143652;-0.009577;6.732.495
0.153229;0.019154;5.525.817
0.057461;0.067038;5.324.705
0.143652;0.095768;5.544.971
0.172383;0.038307;6.531.382
0.143652;0.000000;7.230.489
0.210690;0.076614;8.360.553
0.172383;0.038307;10.390.836
0.239420;0.095768;11.530.476
0.287304;0.114922;12.507.310
0.258574;0.268151;13.330.915
0.287304;0.287304;14.336.480
0.287304;0.201113;14.499.286
0.258574;0.239420;14.240.712
0.258574;0.191536;13.292.608
0.239420;0.134075;12.459.426
0.229843;0.134075;11.645.397
0.201113;0.067038;9.509.769
0.162806;0.000000;8.523.358
0.172383;0.047884;7.527.370
0.153229;0.000000;6.866.570
0.124498;0.000000;5.746.084
0.134075;0.076614;5.688.623
0.124498;0.057461;5.717.354
0.191536;0.114922;6.828.263
0.124498;0.000000;7.354.988
0.191536;0.038307;8.523.358
0.229843;0.009577;9.442.732
0.229843;0.134075;11.492.168
0.258574;0.143652;12.401.965
0.258574;0.239420;13.120.225
0.268151;0.277727;14.125.790
0.287304;0.191536;14.240.712
0.296881;0.210690;13.886.370
0.268151;0.191536;13.005.303
0.220267;0.143652;12.315.774
0.239420;0.162806;11.444.284
0.201113;0.038307;10.467.450
0.201113;0.028730;8.599.973
0.191536;0.076614;7.709.330
0.143652;-0.009577;6.981.492
0.114922;0.009577;5.985.504
0.124498;0.086191;6.014.235
0.095768;0.086191;6.023.811
0.162806;-0.038307;6.493.075
0.143652;0.000000;7.661.446
0.181959;0.057461;8.609.550
0.229843;0.047884;9.538.500
0.248997;0.124498;11.396.400
0.268151;0.105345;12.306.197
0.277727;0.239420;12.995.727
0.268151;0.268151;13.790.602
0.296881;0.153229;13.905.523
0.258574;0.229843;13.656.527
0.277727;0.268151;13.311.762
0.220267;0.105345;12.057.199
0.229843;0.143652;11.233.594
0.191536;0.076614;10.419.566
0.191536;0.019154;8.552.089
0.181959;0.076614;7.805.098
0.143652;0.019154;7.153.875
0.124498;0.019154;6.291.962
0.124498;0.095768;6.234.501
0.124498;0.067038;6.330.269
0.172383;-0.009577;6.780.379
0.153229;0.009577;7.987.057
0.201113;0.047884;8.734.048
0.210690;0.057461;9.605.537
0.229843;0.134075;11.405.977
0.268151;0.086191;12.152.967
0.258574;0.220267;12.794.614
0.229843;0.181959;13.283.031
0.258574;0.162806;13.599.066
0.258574;0.162806;13.350.069
0.277727;0.239420;12.986.150
0.210690;0.114922;11.942.278
0.239420;0.124498;11.099.519
0.201113;0.067038;10.266.336
0.201113;0.047884;8.647.857
0.191536;0.076614;7.920.019
0.143652;0.000000;7.307.104
0.143652;0.057461;6.856.994
0.124498;0.086191;6.464.345
0.143652;0.086191;6.761.226
0.162806;-0.028730;7.029.376
0.162806;0.038307;8.188.169
0.172383;0.067038;8.906.430
0.210690;0.047884;9.758.766
0.248997;0.143652;11.348.516
0.248997;0.134075;12.057.199
0.258574;0.239420;12.612.655
0.268151;0.172383;13.053.187
0.258574;0.162806;13.321.339
0.258574;0.229843;13.081.918
0.248997;0.248997;12.670.115
0.239420;0.124498;11.674.128
0.239420;0.134075;10.936.713
0.181959;0.057461;10.228.029
0.201113;0.000000;9.366.117
0.162806;0.019154;8.034.941
0.134075;0.067038;7.479.486
0.181959;0.067038;7.125.144
0.153229;0.114922;6.809.110
0.114922;0.047884;7.019.799
0.201113;0.000000;7.326.257
0.153229;0.028730;8.370.130
0.191536;0.038307;9.059.659
0.220267;0.105345;9.854.534
0.229843;0.095768;10.553.641
0.268151;0.114922;11.884.817
0.239420;0.229843;12.401.965
0.258574;0.143652;12.823.344
0.277727;0.124498;13.024.457
0.229843;0.172383;12.737.153
0.248997;0.201113;12.411.542
0.239420;0.201113;12.057.199
0.239420;0.134075;10.793.061
0.220267;0.038307;10.093.954
0.172383;0.124498;9.394.848
0.191536;0.086191;8.159.439
0.162806;0.000000;7.651.869
0.162806;0.038307;7.316.680
0.143652;0.114922;7.125.144
0.153229;0.105345;7.249.643
0.191536;0.047884;7.584.831
0.191536;0.057461;8.092.402
0.172383;0.028730;9.232.041
0.239420;0.105345;9.854.534
0.201113;0.114922;10.544.065
0.239420;0.134075;11.769.896
0.220267;0.210690;12.229.582
0.220267;0.153229;12.564.771
0.248997;0.191536;12.698.846
0.258574;0.201113;12.469.003
0.258574;0.181959;12.105.083
0.229843;0.172383;11.760.319
0.220267;0.153229;10.687.716
0.191536;0.067038;10.026.917
0.210690;0.124498;9.385.271
0.162806;0.095768;8.264.784
0.172383;0.000000;7.852.982
0.172383;0.019154;7.546.524
0.172383;0.086191;7.402.872
0.153229;0.086191;7.584.831
0.201113;0.047884;7.891.289
0.191536;0.028730;8.360.553
0.220267;0.076614;9.385.271
0.210690;0.095768;9.988.609
0.201113;0.114922;10.563.218
0.248997;0.124498;11.654.974
0.239420;0.153229;12.085.930
0.258574;0.201113;12.306.197
0.229843;0.191536;12.459.426
0.229843;0.210690;12.172.121
0.239420;0.153229;11.913.548
0.229843;0.162806;11.520.899
0.239420;0.134075;10.524.911
0.201113;0.067038;9.950.302
0.181959;0.114922;9.414.001
0.162806;0.047884;8.896.853
0.153229;0.047884;8.054.094
0.162806;0.057461;7.757.214
0.181959;0.057461;7.642.292
0.162806;0.076614;7.833.828
0.191536;-0.009577;8.159.439
0.201113;0.124498;8.552.089
0.172383;0.067038;9.519.346
0.220267;0.114922;10.026.917
0.229843;0.153229;10.582.372
0.258574;0.095768;11.540.052
0.258574;0.095768;11.875.240
0.239420;0.114922;12.095.507
0.239420;0.191536;12.181.698
0.258574;0.248997;11.856.087
0.239420;0.114922;11.578.360
0.229843;0.086191;11.252.748
0.201113;0.009577;10.362.105
0.191536;0.009577;9.873.688
0.210690;0.095768;9.404.425
0.201113;0.172383;8.896.853
0.181959;0.114922;8.303.091
0.201113;0.086191;8.006.210
0.153229;0.086191;7.920.019
0.191536;0.105345;8.188.169
0.191536;-0.009577;8.485.051
0.191536;0.124498;8.801.085
0.210690;0.057461;9.193.734
0.229843;0.105345;10.151.415
0.210690;0.086191;10.582.372
0.220267;0.114922;11.042.058
0.248997;0.191536;11.645.397
0.220267;0.134075;11.856.087
0.220267;0.162806;11.923.124
0.210690;0.143652;11.568.783
0.248997;0.162806;11.358.093
0.201113;0.172383;11.051.635
0.210690;0.067038;10.668.563
0.220267;0.076614;9.835.381
0.201113;0.143652;9.414.001
0.181959;0.086191;8.992.621
0.191536;0.057461;8.427.590
0.162806;0.067038;8.255.207
0.181959;0.095768;8.197.746
0.181959;0.095768;8.293.514
0.191536;0.076614;8.676.587
0.201113;0.086191;9.030.929
0.191536;0.095768;9.404.425
0.229843;0.124498;10.160.992
0.201113;0.105345;10.572.795
0.210690;0.162806;10.946.290
0.239420;0.153229;11.453.861
0.220267;0.124498;11.597.513
0.239420;0.162806;11.674.128
0.239420;0.105345;11.578.360
0.229843;0.124498;11.128.249
0.210690;0.124498;10.812.215
0.220267;0.105345;10.544.065
0.191536;0.057461;9.787.497
0.191536;0.105345;9.433.155
0.191536;0.057461;9.059.659
0.181959;0.067038;8.609.550
0.181959;0.057461;8.437.167
0.172383;0.067038;8.456.321
0.201113;0.076614;8.724.471
0.201113;0.038307;8.925.584
0.191536;0.086191;9.203.311
0.201113;0.086191;9.538.500
0.229843;0.114922;10.180.145
0.210690;0.134075;10.515.334
0.248997;0.134075;10.831.368
0.239420;0.172383;11.291.056
0.229843;0.134075;11.415.554
0.258574;0.105345;11.386.824
0.220267;0.114922;11.271.901
0.210690;0.095768;10.946.290
0.220267;0.153229;10.678.140
0.210690;0.086191;10.362.105
0.181959;0.095768;9.768.343
0.201113;0.086191;9.414.001
0.172383;0.086191;9.174.581
0.201113;0.047884;8.906.430
0.172383;0.086191;8.695.741
0.210690;0.086191;8.667.010
0.181959;0.105345;8.743.625
0.201113;0.086191;9.126.697
0.201113;0.124498;9.414.001
0.210690;0.095768;9.662.998
0.210690;0.134075;10.237.606
0.191536;0.105345;10.505.757
0.229843;0.162806;10.754.754
0.239420;0.095768;10.936.713
0.229843;0.134075;11.176.133
0.229843;0.124498;11.166.556
0.239420;0.114922;11.051.635
0.210690;0.095768;10.687.716
0.210690;0.162806;10.496.181
0.210690;0.086191;10.266.336
0.191536;0.076614;9.720.459
0.210690;0.076614;9.481.039
0.191536;0.095768;9.270.349
0.181959;0.067038;9.107.543
0.191536;0.047884;8.896.853
0.191536;0.086191;8.916.007
0.172383;0.105345;9.030.929
0.220267;0.057461;9.337.387
0.201113;0.047884;9.567.230
0.210690;0.105345;9.758.766
0.210690;0.114922;10.275.913
0.201113;0.067038;10.438.720
0.239420;0.114922;10.687.716
0.229843;0.114922;10.812.215
0.239420;0.114922;10.975.020
0.239420;0.114922;10.917.560
0.229843;0.095768;10.821.792
0.181959;0.086191;10.477.027
0.229843;0.153229;10.323.798
0.201113;0.067038;10.103.531
0.201113;0.124498;9.883.265
0.210690;0.105345;9.509.769
0.220267;0.095768;9.366.117
0.220267;0.076614;9.203.311
0.191536;0.095768;9.165.004
0.201113;0.076614;9.155.427
0.191536;0.076614;9.260.772
0.201113;0.095768;9.433.155
0.191536;0.124498;9.730.036
0.229843;0.076614;9.892.841
0.210690;0.143652;10.266.336
0.220267;0.086191;10.409.989
0.220267;0.134075;10.572.795
0.220267;0.086191;10.658.986
0.220267;0.095768;10.735.600
0.229843;0.095768;10.649.409
0.201113;0.105345;10.553.641
0.201113;0.143652;10.400.413
0.191536;0.124498;10.170.568
0.191536;0.095768;9.988.609
0.210690;0.095768;9.835.381
0.201113;0.105345;9.576.807
0.191536;0.114922;9.461.885
0.191536;0.076614;9.375.694
0.201113;0.105345;9.346.964
0.172383;0.114922;9.414.001
0.220267;0.105345;9.548.077
0.201113;0.076614;9.672.575
0.220267;0.086191;9.892.841
0.210690;0.143652;10.055.647
0.201113;0.095768;10.180.145
0.210690;0.105345;10.352.529
0.239420;0.134075;10.477.027
0.220267;0.134075;10.505.757
0.220267;0.114922;10.534.488
0.220267;0.114922;10.400.413
0.210690;0.124498;10.304.645
0.201113;0.172383;10.208.876
0.220267;0.105345;9.950.302
0.220267;0.086191;9.883.265
0.220267;0.105345;9.797.073
0.201113;0.086191;9.624.691
0.191536;0.095768;9.557.653
0.191536;0.086191;9.557.653
0.210690;0.086191;9.548.077
0.191536;0.095768;9.662.998
0.191536;0.095768;9.806.650
0.201113;0.105345;9.911.995
0.220267;0.095768;10.046.070
0.210690;0.095768;10.122.684
0.220267;0.067038;10.189.722
0.210690;0.124498;10.256.760
0.220267;0.105345;10.323.798
0.210690;0.105345;10.295.067
0.210690;0.067038;10.275.913
0.220267;0.114922;10.132.261
0.191536;0.105345;10.055.647
0.201113;0.105345;9.950.302
0.201113;0.114922;9.864.111
0.201113;0.095768;9.816.227
0.201113;0.095768;9.777.920
0.229843;0.095768;9.710.882
0.191536;0.095768;9.730.036
0.210690;0.114922;9.768.343
0.210690;0.114922;9.797.073
0.210690;0.114922;9.979.033
0.210690;0.105345;10.046.070
0.220267;0.095768;10.055.647
0.210690;0.124498;10.122.684
0.210690;0.095768;10.151.415
0.210690;0.095768;10.189.722
0.210690;0.105345;10.141.838
0.229843;0.114922;10.084.377
0.201113;0.095768;10.055.647
0.210690;0.105345;9.998.186
0.220267;0.095768;9.892.841
0.201113;0.105345;9.864.111
0.210690;0.114922;9.873.688
0.210690;0.105345;9.854.534
0.220267;0.095768;9.854.534
0.201113;0.134075;9.892.841
0.201113;0.095768;9.911.995
0.220267;0.095768;9.979.033
0.191536;0.105345;10.036.493
0.220267;0.095768;10.046.070
0.220267;0.105345;10.103.531
0.220267;0.114922;10.103.531
0.201113;0.095768;10.074.800
0.210690;0.105345;10.084.377
0.210690;0.095768;10.007.763
0.210690;0.086191;9.979.033
0.220267;0.105345;9.931.149
0.220267;0.076614;9.844.957
0.201113;0.095768;9.854.534
0.210690;0.105345;9.892.841
0.210690;0.095768;9.854.534
0.201113;0.095768;9.921.572
0.201113;0.114922;9.950.302
0.229843;0.105345;10.026.917
0.191536;0.105345;10.074.800
0.229843;0.086191;10.093.954
0.220267;0.124498;10.074.800
0.210690;0.114922;10.084.377
0.201113;0.086191;10.065.224
0.229843;0.105345;10.017.340
0.201113;0.124498;9.998.186
0.229843;0.067038;9.931.149
0.201113;0.114922;9.883.265
0.201113;0.114922;9.864.111
0.210690;0.095768;9.873.688
0.201113;0.095768;9.873.688
0.191536;0.105345;9.902.418
0.210690;0.105345;9.979.033
0.210690;0.114922;10.017.340
0.220267;0.086191;10.026.917
0.210690;0.076614;10.055.647
0.210690;0.124498;10.103.531
0.210690;0.086191;10.093.954
0.220267;0.114922;10.084.377
0.201113;0.105345;10.055.647
0.239420;0.105345;9.988.609
0.210690;0.114922;9.959.879
0.210690;0.095768;9.921.572
0.191536;0.114922;9.883.265
0.191536;0.114922;9.873.688
0.191536;0.105345;9.873.688
0.220267;0.105345;9.921.572
0.210690;0.105345;9.931.149
0.191536;0.114922;9.979.033
0.201113;0.095768;10.046.070
0.201113;0.114922;10.065.224
0.229843;0.134075;10.055.647
0.201113;0.086191;10.055.647
0.210690;0.076614;10.065.224
0.220267;0.095768;10.074.800
0.210690;0.124498;10.017.340
0.201113;0.105345;9.940.725
0.210690;0.095768;9.940.725
0.201113;0.114922;9.902.418
0.210690;0.086191;9.883.265
0.201113;0.067038;9.892.841
0.201113;0.095768;9.911.995
0.220267;0.105345;9.921.572
0.210690;0.105345;9.969.456
0.201113;0.095768;10.007.763
0.210690;0.105345;10.046.070
0.229843;0.105345;10.074.800
0.210690;0.086191;10.093.954
0.191536;0.114922;10.055.647
0.220267;0.095768;9.979.033
0.229843;0.105345;9.988.609
0.191536;0.105345;9.959.879
0.201113;0.105345;9.911.995
0.210690;0.124498;9.854.534
0.220267;0.114922;9.892.841
0.210690;0.086191;9.911.995
0.210690;0.095768;9.931.149
0.220267;0.105345;9.931.149
0.210690;0.095768;9.998.186
0.201113;0.105345;10.046.070
0.210690;0.095768;10.046.070
0.210690;0.095768;10.074.800
0.220267;0.114922;10.084.377
0.210690;0.105345;10.036.493
0.210690;0.095768;9.998.186
0.210690;0.124498;9.988.609
0.220267;0.124498;9.940.725
0.220267;0.086191;9.892.841
0.201113;0.086191;9.902.418
0.201113;0.095768;9.892.841
0.201113;0.105345;9.911.995
0.210690;0.105345;9.921.572
0.201113;0.105345;9.979.033
0.220267;0.105345;9.998.186
0.201113;0.105345;9.998.186
0.229843;0.076614;10.026.917
0.220267;0.105345;10.074.800
0.210690;0.095768;10.074.800
0.210690;0.095768;10.065.224
0.210690;0.095768;10.017.340
0.201113;0.105345;9.979.033
0.210690;0.095768;9.950.302
0.210690;0.086191;9.883.265
0.220267;0.114922;9.911.995
0.201113;0.105345;9.902.418
0.210690;0.086191;9.892.841
0.191536;0.086191;9.921.572
0.191536;0.086191;9.969.456
0.210690;0.086191;10.007.763
0.210690;0.086191;10.036.493
0.210690;0.095768;10.046.070
0.191536;0.124498;10.084.377
0.220267;0.105345;10.074.800
0.220267;0.105345;10.055.647
0.201113;0.105345;10.036.493
0.201113;0.105345;10.007.763
0.220267;0.095768;9.940.725
0.210690;0.105345;9.902.418
0.201113;0.114922;9.883.265
0.210690;0.095768;9.892.841
0.220267;0.095768;9.921.572
0.210690;0.095768;9.959.879
0.201113;0.105345;9.998.186
0.220267;0.114922;10.017.340
0.191536;0.114922;10.017.340
0.220267;0.114922;10.093.954
0.210690;0.105345;10.074.800
0.201113;0.105345;10.055.647
0.210690;0.114922;10.026.917
0.201113;0.105345;10.007.763
0.210690;0.086191;9.969.456
0.220267;0.086191;9.931.149
0.220267;0.114922;9.931.149
0.229843;0.114922;9.883.265
0.210690;0.095768;9.892.841
0.239420;0.095768;9.911.995
0.201113;0.105345;9.940.725
0.210690;0.095768;9.969.456
0.220267;0.076614;9.998.186
0.172383;0.105345;10.055.647
0.229843;0.114922;10.093.954
0.210690;0.095768;10.074.800
0.201113;0.105345;10.055.647
0.191536;0.105345;10.026.917
0.191536;0.076614;10.017.340
0.220267;0.105345;9.959.879
0.220267;0.105345;9.921.572
0.191536;0.105345;9.921.572
0.201113;0.114922;9.902.418
0.191536;0.114922;9.902.418
0.191536;0.086191;9.931.149
0.210690;0.105345;9.931.149
0.191536;0.105345;9.979.033
0.220267;0.105345;10.026.917
0.220267;0.124498;10.055.647
0.201113;0.105345;10.055.647
0.210690;0.105345;10.065.224
0.210690;0.086191;10.074.800
0.201113;0.086191;10.055.647
0.220267;0.114922;9.979.033
0.210690;0.105345;9.979.033
0.191536;0.114922;9.959.879
0.201113;0.076614;9.911.995
0.220267;0.105345;9.873.688
0.210690;0.105345;9.883.265
0.210690;0.095768;9.902.418
0.220267;0.086191;9.931.149
0.181959;0.124498;9.959.879
0.181959;0.105345;10.007.763
0.201113;0.105345;10.017.340
0.201113;0.095768;10.026.917
0.201113;0.095768;10.065.224
0.220267;0.105345;10.046.070
0.201113;0.076614;10.036.493
0.220267;0.114922;9.998.186
0.210690;0.105345;10.017.340
0.201113;0.114922;9.959.879
0.201113;0.095768;9.902.418
0.210690;0.095768;9.911.995
0.220267;0.105345;9.892.841
0.229843;0.095768;9.921.572
0.201113;0.114922;9.892.841
0.220267;0.095768;9.950.302
0.201113;0.105345;10.007.763
0.210690;0.086191;10.007.763
0.210690;0.105345;10.036.493
0.210690;0.105345;10.074.800
0.220267;0.086191;10.074.800
0.201113;0.105345;10.017.340
0.210690;0.105345;9.998.186
0.220267;0.124498;9.988.609
0.210690;0.105345;9.969.456
0.201113;0.095768;9.950.302
0.220267;0.105345;9.931.149
0.229843;0.124498;9.921.572
0.201113;0.086191;9.911.995
0.210690;0.095768;9.950.302
0.210690;0.134075;9.950.302
0.201113;0.095768;9.979.033
0.210690;0.095768;10.017.340
0.201113;0.095768;10.055.647
0.201113;0.105345;10.065.224
0.201113;0.134075;10.074.800
0.220267;0.105345;10.017.340
0.210690;0.114922;10.026.917
0.210690;0.095768;10.017.340
0.210690;0.076614;9.940.725
0.201113;0.105345;9.931.149
0.201113;0.095768;9.921.572
0.201113;0.105345;9.883.265
0.220267;0.095768;9.911.995
0.210690;0.114922;9.931.149
0.210690;0.105345;9.969.456
0.191536;0.095768;9.988.609
0.201113;0.095768;10.007.763
0.210690;0.124498;10.055.647
0.229843;0.086191;10.036.493
0.210690;0.086191;10.065.224
0.201113;0.076614;10.065.224
0.210690;0.114922;10.026.917
0.210690;0.114922;9.979.033
0.210690;0.105345;9.959.879
0.210690;0.095768;9.950.302
0.201113;0.114922;9.911.995
0.191536;0.095768;9.921.572
0.210690;0.095768;9.921.572
0.210690;0.095768;9.950.302
0.210690;0.114922;9.950.302
0.210690;0.095768;9.959.879
0.191536;0.114922;10.055.647
0.210690;0.086191;10.026.917
0.220267;0.105345;10.046.070
0.220267;0.095768;10.017.340
0.210690;0.105345;10.026.917
0.201113;0.086191;10.017.340
0.220267;0.086191;9.988.609
0.210690;0.105345;9.979.033
0.210690;0.114922;9.931.149
0.239420;0.114922;9.921.572
0.220267;0.076614;9.902.418
0.191536;0.105345;9.940.725
0.201113;0.095768;9.911.995
0.210690;0.105345;9.940.725
0.191536;0.105345;9.979.033
0.191536;0.114922;10.026.917
0.210690;0.095768;10.017.340
0.201113;0.086191;10.036.493
0.201113;0.124498;10.036.493
0.191536;0.105345;10.065.224
0.191536;0.114922;10.026.917
0.201113;0.095768;10.007.763
0.210690;0.114922;9.969.456
0.210690;0.095768;9.969.456
0.210690;0.095768;9.911.995
0.201113;0.105345;9.911.995
0.210690;0.086191;9.892.841
0.201113;0.095768;9.950.302
0.220267;0.095768;9.950.302
0.201113;0.114922;9.998.186
0.201113;0.095768;9.988.609
0.201113;0.086191;10.026.917
0.210690;0.134075;10.026.917
0.210690;0.105345;10.036.493
0.201113;0.105345;10.065.224
0.201113;0.095768;10.026.917
0.210690;0.095768;10.026.917
0.201113;0.105345;9.969.456
0.210690;0.095768;9.950.302
0.191536;0.086191;9.931.149
0.220267;0.086191;9.902.418
0.191536;0.086191;9.921.572
0.201113;0.095768;9.959.879
0.191536;0.086191;9.921.572
0.220267;0.105345;9.969.456
0.201113;0.105345;9.998.186
0.229843;0.105345;10.017.340
0.210690;0.124498;10.046.070
0.220267;0.114922;10.046.070
0.229843;0.095768;10.017.340
0.210690;0.095768;10.055.647
0.229843;0.095768;10.007.763
0.191536;0.095768;9.998.186
0.220267;0.095768;9.940.725
0.201113;0.114922;9.950.302
0.201113;0.114922;9.911.995
0.229843;0.105345;9.911.995
0.210690;0.105345;9.902.418
0.210690;0.114922;9.959.879
0.201113;0.105345;9.979.033
0.220267;0.095768;9.979.033
0.210690;0.086191;9.988.609
0.210690;0.114922;10.036.493
0.220267;0.114922;10.026.917
0.210690;0.105345;10.046.070
0.210690;0.114922;10.026.917
0.210690;0.086191;10.007.763
0.201113;0.086191;9.988.609
0.191536;0.086191;9.950.302
0.201113;0.114922;9.940.725
0.201113;0.095768;9.940.725
0.220267;0.105345;9.921.572
0.201113;0.114922;9.931.149
0.191536;0.095768;9.959.879
0.220267;0.086191;9.931.149
0.201113;0.095768;10.007.763
0.201113;0.105345;10.017.340
0.210690;0.114922;10.065.224
0.191536;0.114922;10.055.647
0.229843;0.095768;10.055.647
0.210690;0.105345;10.036.493
0.210690;0.105345;10.017.340
0.210690;0.086191;9.988.609
0.220267;0.095768;9.969.456
0.210690;0.124498;9.988.609
0.210690;0.105345;9.911.995
0.210690;0.105345;9.940.725
0.220267;0.095768;9.940.725
0.210690;0.095768;9.921.572
0.220267;0.095768;9.969.456
0.210690;0.095768;9.998.186
0.201113;0.114922;9.979.033
0.210690;0.105345;10.026.917
0.229843;0.076614;10.026.917
0.220267;0.095768;10.036.493
0.229843;0.124498;10.017.340
0.210690;0.095768;10.026.917
0.210690;0.095768;9.979.033
0.191536;0.095768;9.959.879
0.220267;0.105345;9.931.149
0.220267;0.114922;9.950.302
0.201113;0.105345;9.921.572
0.210690;0.105345;9.931.149
0.210690;0.095768;9.959.879
0.220267;0.105345;9.940.725
0.229843;0.105345;9.979.033
0.210690;0.124498;10.007.763
0.210690;0.086191;10.026.917
0.220267;0.086191;10.017.340
0.210690;0.095768;10.055.647
0.229843;0.095768;10.046.070
0.210690;0.086191;10.007.763
0.210690;0.095768;9.998.186
0.210690;0.105345;9.969.456
0.201113;0.095768;9.940.725
0.220267;0.095768;9.940.725
0.210690;0.095768;9.940.725
0.220267;0.086191;9.911.995
0.220267;0.076614;9.921.572
0.201113;0.086191;9.959.879
0.210690;0.095768;9.950.302
0.220267;0.114922;9.988.609
0.220267;0.095768;10.017.340
0.229843;0.095768;10.036.493
0.210690;0.114922;10.055.647
0.210690;0.095768;10.026.917
0.201113;0.105345;10.026.917
0.210690;0.105345;9.979.033
0.210690;0.114922;9.979.033
0.201113;0.086191;9.940.725
0.210690;0.124498;9.950.302
0.210690;0.095768;9.940.725
0.210690;0.105345;9.931.149
0.220267;0.095768;9.931.149
0.210690;0.114922;9.950.302
0.210690;0.105345;9.940.725
0.220267;0.105345;9.998.186
0.220267;0.114922;10.017.340
0.201113;0.114922;10.007.763
0.201113;0.095768;10.036.493
0.210690;0.095768;10.026.917
0.201113;0.095768;10.017.340
0.191536;0.114922;9.988.609
0.210690;0.095768;9.979.033
0.220267;0.095768;9.931.149
0.210690;0.105345;9.940.725
0.191536;0.086191;9.931.149
0.220267;0.086191;9.911.995
0.191536;0.086191;9.921.572
0.220267;0.105345;9.950.302
0.181959;0.095768;9.950.302
0.201113;0.114922;9.979.033
0.210690;0.124498;9.988.609
0.191536;0.086191;10.026.917
0.201113;0.095768;10.036.493
0.210690;0.105345;10.026.917
0.191536;0.095768;10.026.917
0.220267;0.105345;9.988.609
0.201113;0.114922;9.969.456
0.201113;0.114922;9.979.033
0.201113;0.105345;9.959.879
0.201113;0.086191;9.921.572
0.191536;0.086191;9.940.725
0.201113;0.086191;9.940.725
0.220267;0.105345;9.931.149
0.201113;0.095768;9.950.302
0.210690;0.095768;9.969.456
0.210690;0.124498;10.026.917
0.220267;0.086191;10.036.493
0.201113;0.105345;10.036.493
0.210690;0.105345;10.026.917
0.210690;0.105345;10.046.070
0.191536;0.114922;9.979.033
0.210690;0.105345;10.007.763
0.210690;0.095768;9.950.302
0.210690;0.105345;9.931.149
0.172383;0.095768;9.921.572
0.220267;0.086191;9.911.995
0.201113;0.114922;9.940.725
0.210690;0.105345;9.940.725
0.210690;0.076614;9.940.725
0.201113;0.105345;9.979.033
0.210690;0.105345;10.026.917
0.210690;0.095768;10.007.763
0.201113;0.095768;10.036.493
0.201113;0.105345;10.026.917
0.210690;0.095768;10.017.340
0.210690;0.086191;10.036.493
0.191536;0.076614;9.979.033
0.201113;0.086191;9.950.302
0.210690;0.105345;9.940.725
0.210690;0.105345;9.892.841
0.229843;0.086191;9.921.572
0.191536;0.114922;9.940.725
0.210690;0.095768;9.940.725
0.220267;0.095768;9.969.456
0.210690;0.095768;9.979.033
0.210690;0.114922;9.979.033
0.210690;0.086191;10.017.340
0.191536;0.114922;10.007.763
0.229843;0.095768;10.007.763
0.191536;0.114922;10.007.763
0.191536;0.105345;9.988.609
0.201113;0.114922;9.950.302
0.210690;0.095768;9.931.149
0.201113;0.076614;9.892.841
0.210690;0.114922;9.931.149
0.229843;0.086191;9.902.418
0.201113;0.095768;9.911.995
0.210690;0.105345;9.959.879
0.201113;0.105345;9.959.879
0.220267;0.076614;10.007.763
0.201113;0.076614;10.007.763
0.201113;0.095768;10.036.493
0.210690;0.095768;10.036.493
0.220267;0.095768;10.026.917
0.191536;0.114922;10.026.917
0.201113;0.114922;10.007.763
0.201113;0.114922;9.959.879
0.210690;0.124498;9.969.456
0.201113;0.105345;9.931.149
0.220267;0.124498;9.940.725
0.210690;0.086191;9.911.995
0.201113;0.095768;9.940.725
0.229843;0.105345;9.959.879
0.210690;0.134075;9.998.186
0.210690;0.095768;9.979.033
0.201113;0.105345;9.998.186
0.220267;0.095768;10.036.493
0.210690;0.105345;10.017.340
0.201113;0.095768;10.017.340
0.210690;0.095768;10.007.763
0.210690;0.114922;10.017.340
0.210690;0.105345;9.988.609
0.201113;0.105345;9.969.456
0.220267;0.095768;9.940.725
0.229843;0.105345;9.931.149
0.220267;0.076614;9.921.572
0.201113;0.095768;9.950.302
0.201113;0.124498;9.950.302
0.210690;0.124498;9.998.186
0.220267;0.095768;9.998.186
0.210690;0.086191;10.007.763
0.210690;0.105345;10.026.917
0.191536;0.105345;10.017.340
0.210690;0.086191;10.026.917
0.210690;0.086191;10.017.340
0.191536;0.095768;9.979.033
0.229843;0.095768;9.950.302
0.220267;0.086191;9.921.572
0.220267;0.095768;9.940.725
0.201113;0.095768;9.931.149
0.201113;0.105345;9.931.149
0.210690;0.114922;9.959.879
0.220267;0.076614;9.959.879
0.229843;0.095768;9.988.609
0.201113;0.105345;10.026.917
0.201113;0.086191;10.055.647
0.201113;0.105345;10.017.340
0.201113;0.124498;10.026.917
0.201113;0.114922;10.017.340
0.191536;0.105345;9.979.033
0.191536;0.095768;9.969.456
0.201113;0.086191;9.959.879
0.201113;0.095768;9.911.995
0.220267;0.105345;9.931.149
0.210690;0.114922;9.931.149
0.201113;0.105345;9.940.725
0.210690;0.086191;9.931.149
0.201113;0.105345;9.969.456
0.229843;0.095768;9.998.186
0.220267;0.105345;9.998.186
0.220267;0.114922;10.007.763
0.191536;0.105345;10.017.340
0.191536;0.095768;10.017.340
0.210690;0.114922;10.007.763
0.210690;0.114922;10.017.340
0.220267;0.105345;9.988.609
0.220267;0.105345;9.959.879
0.181959;0.095768;9.950.302
0.201113;0.114922;9.902.418
0.220267;0.086191;9.950.302
0.191536;0.105345;9.911.995
0.201113;0.105345;9.959.879
0.210690;0.067038;9.950.302
0.210690;0.095768;9.979.033
0.210690;0.114922;9.979.033
0.220267;0.095768;10.036.493
0.210690;0.095768;10.036.493
0.210690;0.086191;10.036.493
0.201113;0.086191;9.998.186
0.201113;0.114922;9.988.609
0.201113;0.105345;9.979.033
0.210690;0.095768;9.950.302
0.210690;0.086191;9.940.725
0.201113;0.086191;9.931.149
0.201113;0.105345;9.931.149
0.210690;0.086191;9.921.572
0.220267;0.114922;9.921.572
0.210690;0.105345;9.969.456
0.210690;0.086191;9.998.186
0.201113;0.086191;10.036.493
0.210690;0.076614;10.017.340
0.220267;0.095768;10.007.763
0.191536;0.086191;10.017.340
0.201113;0.095768;10.046.070
0.181959;0.086191;9.988.609
0.201113;0.105345;9.979.033
0.201113;0.076614;9.979.033
0.220267;0.076614;9.940.725
0.201113;0.105345;9.940.725
0.220267;0.086191;9.921.572
0.210690;0.086191;9.921.572
0.201113;0.095768;9.940.725
0.210690;0.095768;9.959.879
0.210690;0.095768;9.940.725
0.201113;0.086191;9.988.609
0.201113;0.095768;10.026.917
0.210690;0.105345;10.026.917
0.229843;0.105345;10.007.763
0.210690;0.124498;9.998.186
0.210690;0.105345;9.998.186
0.201113;0.095768;9.969.456
0.201113;0.095768;9.998.186
0.201113;0.134075;9.940.725
0.220267;0.095768;9.931.149
0.210690;0.086191;9.931.149
0.220267;0.105345;9.940.725
0.210690;0.114922;9.940.725
0.210690;0.105345;9.988.609
0.201113;0.105345;9.998.186
0.220267;0.095768;10.007.763
0.220267;0.095768;9.998.186
0.201113;0.105345;10.026.917
0.210690;0.105345;10.017.340
0.191536;0.105345;10.017.340
0.210690;0.105345;10.017.340
0.210690;0.105345;9.998.186
0.210690;0.095768;9.959.879
0.201113;0.086191;9.950.302
0.210690;0.105345;9.940.725
0.191536;0.076614;9.931.149
0.201113;0.086191;9.940.725
0.220267;0.114922;9.950.302
0.201113;0.095768;9.969.456
0.210690;0.105345;9.988.609
0.210690;0.095768;9.979.033
0.210690;0.095768;9.998.186
0.201113;0.086191;10.017.340
0.210690;0.105345;9.998.186
0.201113;0.134075;10.017.340
0.201113;0.095768;9.979.033
0.220267;0.095768;9.998.186
0.210690;0.114922;9.979.033
0.210690;0.105345;9.950.302
0.201113;0.095768;9.931.149
0.201113;0.114922;9.921.572
0.210690;0.086191;9.940.725
0.201113;0.086191;9.959.879
0.210690;0.095768;9.940.725
0.210690;0.105345;9.969.456
0.201113;0.076614;9.998.186
0.210690;0.076614;9.988.609
0.210690;0.105345;9.979.033
0.191536;0.095768;10.017.340
0.220267;0.105345;10.017.340
0.201113;0.086191;9.988.609
0.210690;0.086191;9.988.609
0.220267;0.095768;9.979.033
0.210690;0.105345;9.959.879
0.210690;0.095768;9.940.725
0.191536;0.086191;9.931.149
0.201113;0.114922;9.950.302
0.201113;0.105345;9.921.572
0.210690;0.086191;9.950.302
0.220267;0.105345;9.988.609
0.220267;0.086191;9.998.186
0.201113;0.095768;9.988.609
0.210690;0.105345;10.026.917
0.210690;0.086191;10.017.340
0.210690;0.086191;10.007.763
0.201113;0.105345;9.998.186
0.201113;0.095768;10.017.340
0.220267;0.105345;10.007.763
0.210690;0.105345;9.959.879
0.181959;0.086191;9.959.879
0.201113;0.105345;9.940.725
0.210690;0.114922;9.931.149
0.229843;0.105345;9.950.302
0.201113;0.095768;9.950.302
0.201113;0.105345;9.979.033
0.210690;0.105345;9.988.609
0.201113;0.095768;10.007.763
0.210690;0.124498;10.046.070
0.210690;0.114922;10.017.340
0.220267;0.095768;10.026.917
0.201113;0.095768;10.007.763
0.201113;0.086191;10.017.340
0.201113;0.086191;9.959.879
0.229843;0.086191;9.988.609
0.191536;0.105345;9.931.149
0.210690;0.095768;9.921.572
0.210690;0.105345;9.931.149
0.220267;0.095768;9.902.418
0.210690;0.114922;9.969.456
0.229843;0.114922;9.979.033
0.201113;0.105345;9.988.609
0.191536;0.086191;10.036.493
0.201113;0.076614;10.026.917
0.220267;0.105345;10.017.340
0.220267;0.095768;10.017.340
0.210690;0.095768;10.007.763
0.229843;0.095768;9.988.609
0.201113;0.105345;9.969.456
0.220267;0.105345;9.950.302
0.201113;0.114922;9.931.149
0.210690;0.095768;9.940.725
0.191536;0.095768;9.959.879
0.201113;0.105345;9.969.456
0.229843;0.095768;9.959.879
0.210690;0.086191;10.007.763
0.201113;0.095768;10.017.340
0.220267;0.086191;10.017.340
0.210690;0.095768;10.007.763
0.210690;0.124498;10.017.340
0.191536;0.095768;10.007.763
0.210690;0.114922;9.998.186
0.210690;0.086191;9.969.456
0.201113;0.105345;9.979.033
0.191536;0.134075;9.950.302
0.201113;0.095768;9.959.879
0.191536;0.095768;9.950.302
0.201113;0.114922;9.950.302
0.220267;0.105345;9.959.879
0.220267;0.105345;9.950.302
0.201113;0.105345;9.988.609
0.210690;0.105345;9.998.186
0.191536;0.095768;9.998.186
0.220267;0.095768;9.988.609
0.201113;0.105345;10.017.340
0.220267;0.143652;10.036.493
0.220267;0.067038;10.007.763
0.210690;0.067038;9.979.033
0.210690;0.105345;9.988.609
0.191536;0.086191;9.950.302
0.210690;0.086191;9.940.725
0.220267;0.114922;9.931.149
0.201113;0.105345;9.931.149
0.220267;0.105345;9.959.879
0.191536;0.105345;9.959.879
0.201113;0.114922;10.017.340
0.210690;0.076614;9.998.186
0.220267;0.105345;10.007.763
0.210690;0.095768;10.017.340
0.201113;0.105345;10.036.493
0.220267;0.095768;10.007.763
0.201113;0.095768;9.998.186
0.201113;0.105345;9.979.033
0.201113;0.105345;9.959.879
0.201113;0.095768;9.940.725
0.191536;0.076614;9.931.149
0.220267;0.105345;9.959.879
0.210690;0.105345;9.940.725
0.210690;0.086191;9.959.879
0.220267;0.105345;9.931.149
0.210690;0.086191;9.979.033
0.181959;0.105345;9.969.456
0.210690;0.076614;9.998.186
0.201113;0.105345;10.007.763
0.191536;0.076614;10.026.917
0.191536;0.095768;10.017.340
0.220267;0.114922;9.998.186
0.239420;0.105345;9.998.186
0.201113;0.095768;9.950.302
0.210690;0.095768;9.979.033
0.210690;0.105345;9.988.609
0.201113;0.114922;9.921.572
0.220267;0.076614;9.950.302
0.220267;0.095768;9.959.879
0.191536;0.105345;9.959.879
0.220267;0.095768;9.959.879
0.191536;0.114922;10.007.763
0.201113;0.114922;10.017.340
0.210690;0.114922;10.036.493
0.210690;0.067038;9.998.186
0.181959;0.114922;10.017.340
0.210690;0.105345;9.998.186
0.201113;0.114922;10.017.340
0.220267;0.095768;9.969.456
0.210690;0.124498;9.969.456
0.201113;0.105345;9.959.879
0.229843;0.095768;9.950.302
0.210690;0.114922;9.940.725
0.201113;0.095768;9.931.149
0.201113;0.105345;9.979.033
0.220267;0.114922;9.959.879
0.220267;0.095768;9.969.456
0.201113;0.114922;9.988.609
0.210690;0.095768;10.026.917
0.220267;0.076614;10.017.340
0.201113;0.095768;10.017.340
0.191536;0.124498;10.026.917
0.191536;0.105345;9.979.033
0.210690;0.105345;9.969.456
0.181959;0.105345;9.950.302
0.201113;0.105345;9.921.572
0.201113;0.105345;9.950.302
0.201113;0.086191;9.959.879
0.220267;0.086191;9.940.725
0.229843;0.086191;9.969.456
0.210690;0.086191;9.969.456
0.229843;0.124498;10.007.763
0.220267;0.124498;10.026.917
0.210690;0.124498;10.017.340
0.191536;0.095768;10.026.917
0.201113;0.105345;9.988.609
0.220267;0.105345;9.979.033
0.201113;0.076614;9.979.033
0.220267;0.114922;9.950.302
0.191536;0.095768;9.959.879
0.210690;0.095768;9.969.456
0.210690;0.086191;9.940.725
0.201113;0.095768;9.950.302
0.220267;0.095768;9.931.149
0.220267;0.086191;9.959.879
0.220267;0.105345;9.950.302
0.210690;0.086191;9.998.186
0.181959;0.105345;10.017.340
0.201113;0.086191;10.036.493
0.201113;0.095768;10.007.763
0.201113;0.086191;9.998.186
0.201113;0.095768;9.988.609
0.210690;0.124498;9.998.186
0.210690;0.086191;9.979.033
0.201113;0.095768;9.940.725
0.210690;0.095768;9.940.725
0.210690;0.114922;9.931.149
0.210690;0.105345;9.940.725
0.210690;0.114922;9.931.149
0.220267;0.086191;9.969.456
0.210690;0.095768;9.979.033
0.220267;0.095768;9.979.033
0.210690;0.086191;10.017.340
0.181959;0.095768;10.007.763
0.201113;0.086191;10.017.340
0.210690;0.086191;10.007.763
0.210690;0.086191;9.998.186
0.210690;0.124498;9.979.033
0.191536;0.095768;9.979.033
0.210690;0.076614;9.969.456
0.201113;0.086191;9.950.302
0.210690;0.086191;9.931.149
0.210690;0.105345;9.940.725
0.201113;0.105345;9.979.033
0.210690;0.105345;9.950.302
0.210690;0.095768;9.988.609
0.210690;0.105345;10.026.917
0.201113;0.076614;9.988.609
0.210690;0.105345;10.036.493
0.229843;0.105345;10.007.763
0.201113;0.095768;9.998.186
0.201113;0.095768;10.007.763
0.201113;0.114922;9.959.879
0.201113;0.086191;9.979.033
0.220267;0.095768;9.940.725
0.201113;0.086191;9.911.995
0.210690;0.086191;9.911.995
0.220267;0.114922;9.940.725
0.191536;0.105345;9.940.725
0.210690;0.095768;9.959.879
0.210690;0.114922;10.007.763
0.220267;0.086191;10.007.763
0.210690;0.105345;10.007.763
0.210690;0.095768;10.017.340
0.191536;0.105345;10.017.340
0.220267;0.086191;10.017.340
0.229843;0.095768;9.969.456
0.210690;0.105345;9.988.609
0.191536;0.086191;9.969.456
0.201113;0.095768;9.950.302
0.210690;0.095768;9.969.456
0.210690;0.105345;9.959.879
0.201113;0.076614;9.969.456
0.201113;0.086191;9.979.033
0.210690;0.095768;9.979.033
0.210690;0.114922;10.007.763
0.201113;0.095768;10.007.763
0.210690;0.105345;10.026.917
0.201113;0.095768;9.988.609
0.210690;0.105345;10.017.340
0.210690;0.105345;9.998.186
0.201113;0.095768;9.988.609
0.172383;0.095768;9.969.456
0.201113;0.114922;9.969.456
0.210690;0.095768;9.950.302
0.220267;0.095768;9.931.149
0.201113;0.086191;9.950.302
0.220267;0.105345;9.950.302
0.201113;0.095768;9.969.456
0.229843;0.105345;9.979.033
0.210690;0.095768;9.998.186
0.201113;0.086191;9.998.186
0.210690;0.114922;10.017.340
0.201113;0.114922;10.026.917
0.220267;0.105345;10.007.763
0.210690;0.086191;10.026.917
0.210690;0.095768;9.988.609
0.210690;0.105345;9.969.456
0.191536;0.095768;9.950.302
0.210690;0.095768;9.940.725
0.210690;0.105345;9.950.302
0.201113;0.134075;9.940.725
0.201113;0.114922;9.969.456
0.210690;0.095768;9.969.456
0.220267;0.067038;10.007.763
0.220267;0.095768;9.988.609
0.191536;0.095768;9.979.033
0.191536;0.105345;10.007.763
0.220267;0.095768;9.998.186
0.181959;0.105345;10.017.340
0.191536;0.105345;9.998.186
0.201113;0.124498;9.988.609
0.191536;0.095768;9.969.456
0.220267;0.086191;9.940.725
0.191536;0.105345;9.979.033
0.220267;0.105345;9.969.456
0.220267;0.086191;9.940.725
0.229843;0.086191;9.940.725
0.191536;0.105345;9.959.879
0.181959;0.105345;9.979.033
0.220267;0.105345;9.988.609
0.201113;0.095768;9.969.456
0.220267;0.124498;10.007.763
0.201113;0.105345;9.988.609
0.220267;0.095768;9.988.609
0.210690;0.095768;10.026.917
0.220267;0.134075;9.988.609
0.210690;0.095768;9.969.456
0.229843;0.095768;9.950.302
0.220267;0.105345;9.969.456
0.210690;0.105345;9.979.033
0.201113;0.105345;9.931.149
0.191536;0.095768;9.950.302
0.191536;0.095768;9.959.879
0.220267;0.095768;9.959.879
0.210690;0.114922;9.998.186
0.210690;0.086191;9.979.033
0.220267;0.114922;10.007.763
0.210690;0.086191;9.988.609
0.210690;0.086191;9.998.186
0.210690;0.095768;10.017.340
0.210690;0.086191;9.979.033
0.210690;0.095768;9.979.033
0.210690;0.105345;9.959.879
0.191536;0.114922;9.959.879
0.220267;0.095768;9.959.879
0.210690;0.105345;9.950.302
0.220267;0.095768;9.950.302
0.210690;0.114922;9.969.456
0.210690;0.105345;9.979.033
0.210690;0.076614;9.988.609
0.201113;0.076614;9.998.186
0.201113;0.095768;10.007.763
0.201113;0.095768;9.998.186
0.201113;0.095768;10.017.340
0.220267;0.114922;10.007.763
0.201113;0.105345;9.988.609
0.201113;0.105345;9.950.302
0.191536;0.114922;9.979.033
0.201113;0.095768;9.969.456
0.210690;0.076614;9.940.725
0.210690;0.114922;9.940.725
0.201113;0.095768;9.940.725
0.239420;0.114922;9.969.456
0.210690;0.114922;10.007.763
0.201113;0.095768;9.979.033
0.191536;0.105345;10.007.763
0.191536;0.114922;9.988.609
0.201113;0.095768;9.998.186
0.201113;0.095768;10.007.763
0.210690;0.134075;10.017.340
0.191536;0.095768;10.007.763
0.210690;0.095768;10.007.763
0.220267;0.105345;9.979.033
0.210690;0.086191;9.940.725
0.191536;0.105345;9.959.879
0.210690;0.105345;9.950.302
0.220267;0.095768;9.959.879
0.210690;0.114922;10.007.763
0.191536;0.095768;9.959.879
0.210690;0.105345;9.988.609
0.191536;0.067038;9.998.186
0.191536;0.114922;9.969.456
0.210690;0.095768;9.988.609
0.210690;0.095768;9.998.186
0.191536;0.105345;9.959.879
0.191536;0.105345;9.959.879
0.220267;0.105345;9.959.879
0.210690;0.114922;9.931.149
0.220267;0.105345;9.931.149
0.210690;0.086191;9.950.302
0.210690;0.105345;9.979.033
0.220267;0.076614;9.969.456
0.181959;0.095768;9.998.186
0.210690;0.105345;9.998.186
0.210690;0.095768;10.007.763
0.201113;0.105345;10.007.763
0.201113;0.086191;9.979.033
0.220267;0.095768;9.988.609
0.210690;0.067038;9.969.456
0.229843;0.105345;9.959.879
0.239420;0.114922;9.959.879
0.201113;0.095768;9.959.879
0.210690;0.105345;9.950.302
0.210690;0.124498;9.998.186
0.210690;0.105345;9.950.302
0.220267;0.095768;9.979.033
0.210690;0.086191;10.007.763
0.191536;0.086191;10.017.340
0.210690;0.095768;9.988.609
0.220267;0.086191;9.979.033
0.210690;0.114922;9.988.609
0.201113;0.114922;9.969.456
0.201113;0.114922;9.959.879
0.201113;0.114922;9.950.302
0.210690;0.095768;9.959.879
0.201113;0.095768;9.940.725
0.220267;0.095768;9.950.302
0.210690;0.114922;9.959.879
0.191536;0.105345;9.998.186
0.220267;0.095768;9.969.456
0.210690;0.105345;10.017.340
0.220267;0.114922;9.998.186
0.201113;0.105345;10.007.763
0.201113;0.114922;9.998.186
0.210690;0.105345;9.988.609
0.201113;0.095768;9.988.609
0.229843;0.114922;9.959.879
0.201113;0.105345;9.950.302
0.220267;0.095768;9.931.149
0.220267;0.105345;9.969.456
0.220267;0.086191;9.940.725
0.210690;0.076614;9.950.302
0.229843;0.124498;9.979.033
0.210690;0.105345;9.979.033
0.210690;0.114922;10.026.917
0.220267;0.076614;10.036.493
0.210690;0.095768;10.007.763
0.210690;0.076614;9.998.186
0.220267;0.076614;10.017.340
0.201113;0.076614;9.979.033
0.201113;0.086191;9.921.572
0.210690;0.086191;9.892.841
0.210690;0.095768;9.892.841
0.201113;0.086191;9.883.265